﻿Exhibitor,URL
"A Bunny In A Basket, LLC",https://tfny2023.mapyourshow.com/8_0/exhibitor/exhibitor-details.cfm?exhid=298822
Adventure Parks,https://tfny2023.mapyourshow.com/8_0/exhibitor/exhibitor-details.cfm?exhid=10207
"Asmodee North America, Inc.",https://tfny2023.mapyourshow.com/8_0/exhibitor/exhibitor-details.cfm?exhid=49122
Autruche,https://tfny2023.mapyourshow.com/8_0/exhibitor/exhibitor-details.cfm?exhid=59863
Bears for Humanity,https://tfny2023.mapyourshow.com/8_0/exhibitor/exhibitor-details.cfm?exhid=93725
Bellzi Inc.,https://tfny2023.mapyourshow.com/8_0/exhibitor/exhibitor-details.cfm?exhid=129695
Beverly Hills Teddy Bear Company,https://tfny2023.mapyourshow.com/8_0/exhibitor/exhibitor-details.cfm?exhid=32023
Bob Ross Inc,https://tfny2023.mapyourshow.com/8_0/exhibitor/exhibitor-details.cfm?exhid=358736
"BrainStormProducts, LLC (X-Kites)",https://tfny2023.mapyourshow.com/8_0/exhibitor/exhibitor-details.cfm?exhid=61958
"Breaking Games, LLC",https://tfny2023.mapyourshow.com/8_0/exhibitor/exhibitor-details.cfm?exhid=93784
"Bruder Toys America, Inc.",https://tfny2023.mapyourshow.com/8_0/exhibitor/exhibitor-details.cfm?exhid=11385
"Carrera Revell of Americas, Inc.",https://tfny2023.mapyourshow.com/8_0/exhibitor/exhibitor-details.cfm?exhid=50022
CONNETIX,https://tfny2023.mapyourshow.com/8_0/exhibitor/exhibitor-details.cfm?exhid=300073
Do Or Drink,https://tfny2023.mapyourshow.com/8_0/exhibitor/exhibitor-details.cfm?exhid=306848
EXG Pro,https://tfny2023.mapyourshow.com/8_0/exhibitor/exhibitor-details.cfm?exhid=194784
Family Games America FGA Inc.,https://tfny2023.mapyourshow.com/8_0/exhibitor/exhibitor-details.cfm?exhid=25336
FiGPiN,https://tfny2023.mapyourshow.com/8_0/exhibitor/exhibitor-details.cfm?exhid=197761
FIVE K LTD.,https://tfny2023.mapyourshow.com/8_0/exhibitor/exhibitor-details.cfm?exhid=78882
Fun in Motion Toys,https://tfny2023.mapyourshow.com/8_0/exhibitor/exhibitor-details.cfm?exhid=126246
GHOULISH PRODUCTIONS / CARETAS REV,https://tfny2023.mapyourshow.com/8_0/exhibitor/exhibitor-details.cfm?exhid=232353
Grumbalina Inc.,https://tfny2023.mapyourshow.com/8_0/exhibitor/exhibitor-details.cfm?exhid=361019
Hansa Creation USA,https://tfny2023.mapyourshow.com/8_0/exhibitor/exhibitor-details.cfm?exhid=50602
HedgeHog Health,https://tfny2023.mapyourshow.com/8_0/exhibitor/exhibitor-details.cfm?exhid=307070
Hedgehog Health: Innovating for Unique Learners. shor.by/hedgehoghealth,https://tfny2023.mapyourshow.com/8_0/exhibitor/exhibitor-details.cfm?exhid=307070
I-Studio,https://tfny2023.mapyourshow.com/8_0/exhibitor/exhibitor-details.cfm?exhid=128691
InSpirit Designs,https://tfny2023.mapyourshow.com/8_0/exhibitor/exhibitor-details.cfm?exhid=299294
KOOL KARZ PLAYGROUND,https://tfny2023.mapyourshow.com/8_0/exhibitor/exhibitor-details.cfm?exhid=298635
Learning Advantage,https://tfny2023.mapyourshow.com/8_0/exhibitor/exhibitor-details.cfm?exhid=36717
Little Medical School,https://tfny2023.mapyourshow.com/8_0/exhibitor/exhibitor-details.cfm?exhid=152878
Luki Lab,https://tfny2023.mapyourshow.com/8_0/exhibitor/exhibitor-details.cfm?exhid=27652
"Madame Alexander Doll Company, LLC",https://tfny2023.mapyourshow.com/8_0/exhibitor/exhibitor-details.cfm?exhid=11065
Made by Aliens Inc/Plushland/Call for the Wild,https://tfny2023.mapyourshow.com/8_0/exhibitor/exhibitor-details.cfm?exhid=28537
Micro Puzzles LLC,https://tfny2023.mapyourshow.com/8_0/exhibitor/exhibitor-details.cfm?exhid=196455
"Needleart World North America, LLC",https://tfny2023.mapyourshow.com/8_0/exhibitor/exhibitor-details.cfm?exhid=154735
New Adventures LLC,https://tfny2023.mapyourshow.com/8_0/exhibitor/exhibitor-details.cfm?exhid=49479
NMR Distribution America Inc.,https://tfny2023.mapyourshow.com/8_0/exhibitor/exhibitor-details.cfm?exhid=54887
Outset Games & Cobble Hill Puzzles,https://tfny2023.mapyourshow.com/8_0/exhibitor/exhibitor-details.cfm?exhid=46828
Pandasaurus Games,https://tfny2023.mapyourshow.com/8_0/exhibitor/exhibitor-details.cfm?exhid=232534
Panini America,https://tfny2023.mapyourshow.com/8_0/exhibitor/exhibitor-details.cfm?exhid=62292
"Pinkfong USA, Inc. (Baby Shark)",https://tfny2023.mapyourshow.com/8_0/exhibitor/exhibitor-details.cfm?exhid=300387
PlayMonster,https://tfny2023.mapyourshow.com/8_0/exhibitor/exhibitor-details.cfm?exhid=11069
Plus-Plus USA,https://tfny2023.mapyourshow.com/8_0/exhibitor/exhibitor-details.cfm?exhid=54538
Pure Arts,https://tfny2023.mapyourshow.com/8_0/exhibitor/exhibitor-details.cfm?exhid=270264
Round 2 LLC,https://tfny2023.mapyourshow.com/8_0/exhibitor/exhibitor-details.cfm?exhid=59341
SAVANA,https://tfny2023.mapyourshow.com/8_0/exhibitor/exhibitor-details.cfm?exhid=362037
Schylling Inc,https://tfny2023.mapyourshow.com/8_0/exhibitor/exhibitor-details.cfm?exhid=25071
SpiceBox Product Development Ltd.,https://tfny2023.mapyourshow.com/8_0/exhibitor/exhibitor-details.cfm?exhid=63562
Story Time Learning,https://tfny2023.mapyourshow.com/8_0/exhibitor/exhibitor-details.cfm?exhid=298289
"TAILLOON BALLOONS CO., LTD.",https://tfny2023.mapyourshow.com/8_0/exhibitor/exhibitor-details.cfm?exhid=232546
Tasty Peach Studios,https://tfny2023.mapyourshow.com/8_0/exhibitor/exhibitor-details.cfm?exhid=154086
TEDCO Toys,https://tfny2023.mapyourshow.com/8_0/exhibitor/exhibitor-details.cfm?exhid=25158
Tonies USA,https://tfny2023.mapyourshow.com/8_0/exhibitor/exhibitor-details.cfm?exhid=269392
Trick or Treat Studios,https://tfny2023.mapyourshow.com/8_0/exhibitor/exhibitor-details.cfm?exhid=154311
Ty Inc.,https://tfny2023.mapyourshow.com/8_0/exhibitor/exhibitor-details.cfm?exhid=11255
UltraPro International,https://tfny2023.mapyourshow.com/8_0/exhibitor/exhibitor-details.cfm?exhid=28252
"Water Sports, LLC",https://tfny2023.mapyourshow.com/8_0/exhibitor/exhibitor-details.cfm?exhid=47004
What Do You Meme?,https://tfny2023.mapyourshow.com/8_0/exhibitor/exhibitor-details.cfm?exhid=154742
White Mountain Puzzles,https://tfny2023.mapyourshow.com/8_0/exhibitor/exhibitor-details.cfm?exhid=26558
Wood Expressions Games,https://tfny2023.mapyourshow.com/8_0/exhibitor/exhibitor-details.cfm?exhid=25227
1i4 Group LLC,https://tfny2023.mapyourshow.com/8_0/exhibitor/exhibitor-details.cfm?exhid=152987
2 Pong,https://tfny2023.mapyourshow.com/8_0/exhibitor/exhibitor-details.cfm?exhid=362106
3 Castles Pty Ltd (Tidy Treasures),https://tfny2023.mapyourshow.com/8_0/exhibitor/exhibitor-details.cfm?exhid=362346
3Doodler,https://tfny2023.mapyourshow.com/8_0/exhibitor/exhibitor-details.cfm?exhid=251715
4M Industrial Development Ltd,https://tfny2023.mapyourshow.com/8_0/exhibitor/exhibitor-details.cfm?exhid=28526
5Saints,https://tfny2023.mapyourshow.com/8_0/exhibitor/exhibitor-details.cfm?exhid=309130
88 Unlimited/Perfect Petzzz,https://tfny2023.mapyourshow.com/8_0/exhibitor/exhibitor-details.cfm?exhid=93166
"Abacus Brands, Inc.",https://tfny2023.mapyourshow.com/8_0/exhibitor/exhibitor-details.cfm?exhid=231241
"Abrim Enterprises, Inc.",https://tfny2023.mapyourshow.com/8_0/exhibitor/exhibitor-details.cfm?exhid=97141
Abysse America,https://tfny2023.mapyourshow.com/8_0/exhibitor/exhibitor-details.cfm?exhid=128968
"ACD Distribution, LLC",https://tfny2023.mapyourshow.com/8_0/exhibitor/exhibitor-details.cfm?exhid=59318
Adora,https://tfny2023.mapyourshow.com/8_0/exhibitor/exhibitor-details.cfm?exhid=26680
Adventerra Games,https://tfny2023.mapyourshow.com/8_0/exhibitor/exhibitor-details.cfm?exhid=230249
Aeromax Inc,https://tfny2023.mapyourshow.com/8_0/exhibitor/exhibitor-details.cfm?exhid=43487
Ageless Innovation LLC,https://tfny2023.mapyourshow.com/8_0/exhibitor/exhibitor-details.cfm?exhid=362238
AirFort,https://tfny2023.mapyourshow.com/8_0/exhibitor/exhibitor-details.cfm?exhid=232470
Aliquantum International Inc.,https://tfny2023.mapyourshow.com/8_0/exhibitor/exhibitor-details.cfm?exhid=65061
"All Things Equal, Inc. (Family & Party Games)",https://tfny2023.mapyourshow.com/8_0/exhibitor/exhibitor-details.cfm?exhid=54604
Alliance Entertainment,https://tfny2023.mapyourshow.com/8_0/exhibitor/exhibitor-details.cfm?exhid=97500
Alliance Game Distributors,https://tfny2023.mapyourshow.com/8_0/exhibitor/exhibitor-details.cfm?exhid=40267
Allstar Innovations,https://tfny2023.mapyourshow.com/8_0/exhibitor/exhibitor-details.cfm?exhid=62354
Alpine Net Corporation,https://tfny2023.mapyourshow.com/8_0/exhibitor/exhibitor-details.cfm?exhid=364923
Amav Enterprises Ltd.,https://tfny2023.mapyourshow.com/8_0/exhibitor/exhibitor-details.cfm?exhid=37658
Amazing Toys Limited,https://tfny2023.mapyourshow.com/8_0/exhibitor/exhibitor-details.cfm?exhid=357910
American Bubble Company,https://tfny2023.mapyourshow.com/8_0/exhibitor/exhibitor-details.cfm?exhid=270915
"American Hobbies and Merchandising, Inc.",https://tfny2023.mapyourshow.com/8_0/exhibitor/exhibitor-details.cfm?exhid=91494
"American Paper Optics, LLC",https://tfny2023.mapyourshow.com/8_0/exhibitor/exhibitor-details.cfm?exhid=26673
American Plastic Toys,https://tfny2023.mapyourshow.com/8_0/exhibitor/exhibitor-details.cfm?exhid=10006
AMERISTAR Inc.,https://tfny2023.mapyourshow.com/8_0/exhibitor/exhibitor-details.cfm?exhid=361026
AMIGO Games,https://tfny2023.mapyourshow.com/8_0/exhibitor/exhibitor-details.cfm?exhid=184138
"AMZ Bees, FZE LLC",https://tfny2023.mapyourshow.com/8_0/exhibitor/exhibitor-details.cfm?exhid=360218
Anatolian Puzzle,https://tfny2023.mapyourshow.com/8_0/exhibitor/exhibitor-details.cfm?exhid=362636
aNb Media Inc.,https://tfny2023.mapyourshow.com/8_0/exhibitor/exhibitor-details.cfm?exhid=51255
Anique,https://tfny2023.mapyourshow.com/8_0/exhibitor/exhibitor-details.cfm?exhid=361886
Anjar Co. LLC & Becker Associates LLC,https://tfny2023.mapyourshow.com/8_0/exhibitor/exhibitor-details.cfm?exhid=10181
Anker Play Products LLC,https://tfny2023.mapyourshow.com/8_0/exhibitor/exhibitor-details.cfm?exhid=154107
"Anyang Lanyu Model Co., Ltd.",https://tfny2023.mapyourshow.com/8_0/exhibitor/exhibitor-details.cfm?exhid=91137
Ao Jie Plastic Toys Factory Limited,https://tfny2023.mapyourshow.com/8_0/exhibitor/exhibitor-details.cfm?exhid=48148
Aqua Blocks LLC,https://tfny2023.mapyourshow.com/8_0/exhibitor/exhibitor-details.cfm?exhid=360757
AQUARIUS COSMETIC SLU,https://tfny2023.mapyourshow.com/8_0/exhibitor/exhibitor-details.cfm?exhid=361936
Arizona GameCo LLC,https://tfny2023.mapyourshow.com/8_0/exhibitor/exhibitor-details.cfm?exhid=93481
ARpedia,https://tfny2023.mapyourshow.com/8_0/exhibitor/exhibitor-details.cfm?exhid=316338
Art Creativity,https://tfny2023.mapyourshow.com/8_0/exhibitor/exhibitor-details.cfm?exhid=153638
Artemix,https://tfny2023.mapyourshow.com/8_0/exhibitor/exhibitor-details.cfm?exhid=359686
Artisan Social Club,https://tfny2023.mapyourshow.com/8_0/exhibitor/exhibitor-details.cfm?exhid=361901
Artist Point Giftwrap,https://tfny2023.mapyourshow.com/8_0/exhibitor/exhibitor-details.cfm?exhid=46623
Artoy Trading LLC,https://tfny2023.mapyourshow.com/8_0/exhibitor/exhibitor-details.cfm?exhid=95611
ARTVENTURE LLC,https://tfny2023.mapyourshow.com/8_0/exhibitor/exhibitor-details.cfm?exhid=362684
ASA Products / Mobo Cruiser,https://tfny2023.mapyourshow.com/8_0/exhibitor/exhibitor-details.cfm?exhid=45287
"Ashley Productions, Inc.",https://tfny2023.mapyourshow.com/8_0/exhibitor/exhibitor-details.cfm?exhid=36724
Asobu By Ad-N-Art,https://tfny2023.mapyourshow.com/8_0/exhibitor/exhibitor-details.cfm?exhid=367005
ASTRA (American Specialty Toy Retailing Association),https://tfny2023.mapyourshow.com/8_0/exhibitor/exhibitor-details.cfm?exhid=30728
"Astro Toys America, LLC",https://tfny2023.mapyourshow.com/8_0/exhibitor/exhibitor-details.cfm?exhid=187007
Astronaut Foods,https://tfny2023.mapyourshow.com/8_0/exhibitor/exhibitor-details.cfm?exhid=362156
Atlantis Toy and Hobby,https://tfny2023.mapyourshow.com/8_0/exhibitor/exhibitor-details.cfm?exhid=65417
Auldey Toys of North America,https://tfny2023.mapyourshow.com/8_0/exhibitor/exhibitor-details.cfm?exhid=64808
"Aurora World, Inc.",https://tfny2023.mapyourshow.com/8_0/exhibitor/exhibitor-details.cfm?exhid=11318
Avocatt,https://tfny2023.mapyourshow.com/8_0/exhibitor/exhibitor-details.cfm?exhid=299814
Baba International,https://tfny2023.mapyourshow.com/8_0/exhibitor/exhibitor-details.cfm?exhid=362438
Bababoo and friends,https://tfny2023.mapyourshow.com/8_0/exhibitor/exhibitor-details.cfm?exhid=298831
Bachmann Trains,https://tfny2023.mapyourshow.com/8_0/exhibitor/exhibitor-details.cfm?exhid=10016
"Bada Bing Family, Inc.",https://tfny2023.mapyourshow.com/8_0/exhibitor/exhibitor-details.cfm?exhid=361678
"Baifu Int'l Trading Co.,",https://tfny2023.mapyourshow.com/8_0/exhibitor/exhibitor-details.cfm?exhid=360634
"Ball, Bounce and Sport Inc. - Hedstrom",https://tfny2023.mapyourshow.com/8_0/exhibitor/exhibitor-details.cfm?exhid=11095
Banana Panda,https://tfny2023.mapyourshow.com/8_0/exhibitor/exhibitor-details.cfm?exhid=155422
Bananagrams,https://tfny2023.mapyourshow.com/8_0/exhibitor/exhibitor-details.cfm?exhid=52244
Bandai Namco Toys & Collectibles America,https://tfny2023.mapyourshow.com/8_0/exhibitor/exhibitor-details.cfm?exhid=10017
Barry and Jason - Games & Entertainment,https://tfny2023.mapyourshow.com/8_0/exhibitor/exhibitor-details.cfm?exhid=129238
Basic Fun!,https://tfny2023.mapyourshow.com/8_0/exhibitor/exhibitor-details.cfm?exhid=61755
Battat,https://tfny2023.mapyourshow.com/8_0/exhibitor/exhibitor-details.cfm?exhid=10199
Bayer Design Fritz Bayer Gmbh & Co. KG,https://tfny2023.mapyourshow.com/8_0/exhibitor/exhibitor-details.cfm?exhid=359959
BC USA,https://tfny2023.mapyourshow.com/8_0/exhibitor/exhibitor-details.cfm?exhid=47938
Bearington Collection,https://tfny2023.mapyourshow.com/8_0/exhibitor/exhibitor-details.cfm?exhid=36378
BeginAgain,https://tfny2023.mapyourshow.com/8_0/exhibitor/exhibitor-details.cfm?exhid=79355
Belco Sports,https://tfny2023.mapyourshow.com/8_0/exhibitor/exhibitor-details.cfm?exhid=250896
"Bendon, Inc.",https://tfny2023.mapyourshow.com/8_0/exhibitor/exhibitor-details.cfm?exhid=40303
BERG USA,https://tfny2023.mapyourshow.com/8_0/exhibitor/exhibitor-details.cfm?exhid=60603
Bern Helmets,https://tfny2023.mapyourshow.com/8_0/exhibitor/exhibitor-details.cfm?exhid=362322
Best Ride on Cars,https://tfny2023.mapyourshow.com/8_0/exhibitor/exhibitor-details.cfm?exhid=91780
Best Value Products,https://tfny2023.mapyourshow.com/8_0/exhibitor/exhibitor-details.cfm?exhid=360050
Bewaltz,https://tfny2023.mapyourshow.com/8_0/exhibitor/exhibitor-details.cfm?exhid=362682
Beyond Infinity Limited,https://tfny2023.mapyourshow.com/8_0/exhibitor/exhibitor-details.cfm?exhid=95046
Bhalla Sports Pvt Ltd.,https://tfny2023.mapyourshow.com/8_0/exhibitor/exhibitor-details.cfm?exhid=63381
Bhargava & Co.,https://tfny2023.mapyourshow.com/8_0/exhibitor/exhibitor-details.cfm?exhid=243545
Bible Blocks,https://tfny2023.mapyourshow.com/8_0/exhibitor/exhibitor-details.cfm?exhid=358753
Big Country Toys,https://tfny2023.mapyourshow.com/8_0/exhibitor/exhibitor-details.cfm?exhid=90819
Big Discoveries,https://tfny2023.mapyourshow.com/8_0/exhibitor/exhibitor-details.cfm?exhid=360774
Big Heart Toys,https://tfny2023.mapyourshow.com/8_0/exhibitor/exhibitor-details.cfm?exhid=361846
"Big Time Toys, LLC",https://tfny2023.mapyourshow.com/8_0/exhibitor/exhibitor-details.cfm?exhid=32885
Bigjigs Toys US LLP,https://tfny2023.mapyourshow.com/8_0/exhibitor/exhibitor-details.cfm?exhid=78969
BIGMOUTH,https://tfny2023.mapyourshow.com/8_0/exhibitor/exhibitor-details.cfm?exhid=300378
BILDO,https://tfny2023.mapyourshow.com/8_0/exhibitor/exhibitor-details.cfm?exhid=361184
Binho Board,https://tfny2023.mapyourshow.com/8_0/exhibitor/exhibitor-details.cfm?exhid=362959
BitOGenius Inc.,https://tfny2023.mapyourshow.com/8_0/exhibitor/exhibitor-details.cfm?exhid=231736
Bitty Boomers,https://tfny2023.mapyourshow.com/8_0/exhibitor/exhibitor-details.cfm?exhid=230091
Bling2o,https://tfny2023.mapyourshow.com/8_0/exhibitor/exhibitor-details.cfm?exhid=93244
blinger,https://tfny2023.mapyourshow.com/8_0/exhibitor/exhibitor-details.cfm?exhid=185491
"Bloomage Joytoy (Bejing) Technology Development Co., Ltd.",https://tfny2023.mapyourshow.com/8_0/exhibitor/exhibitor-details.cfm?exhid=360264
Blue Marble,https://tfny2023.mapyourshow.com/8_0/exhibitor/exhibitor-details.cfm?exhid=65427
Blue Orange Games,https://tfny2023.mapyourshow.com/8_0/exhibitor/exhibitor-details.cfm?exhid=37009
Bluewater Partners LLC,https://tfny2023.mapyourshow.com/8_0/exhibitor/exhibitor-details.cfm?exhid=369498
BMS Brands,https://tfny2023.mapyourshow.com/8_0/exhibitor/exhibitor-details.cfm?exhid=361578
Bolaball Inc.,https://tfny2023.mapyourshow.com/8_0/exhibitor/exhibitor-details.cfm?exhid=56238
"Bonkers Toy Company, LLC",https://tfny2023.mapyourshow.com/8_0/exhibitor/exhibitor-details.cfm?exhid=153349
Bonny International,https://tfny2023.mapyourshow.com/8_0/exhibitor/exhibitor-details.cfm?exhid=362443
Boom House,https://tfny2023.mapyourshow.com/8_0/exhibitor/exhibitor-details.cfm?exhid=379424
Borgfeldt (Canada) Limited - LiteHawk,https://tfny2023.mapyourshow.com/8_0/exhibitor/exhibitor-details.cfm?exhid=28606
Bossing Intâ€™l Co. Ltd.,https://tfny2023.mapyourshow.com/8_0/exhibitor/exhibitor-details.cfm?exhid=360231
Boston America Corp.,https://tfny2023.mapyourshow.com/8_0/exhibitor/exhibitor-details.cfm?exhid=47417
Bounty Hunter Metal Detectors,https://tfny2023.mapyourshow.com/8_0/exhibitor/exhibitor-details.cfm?exhid=58855
Boxer Gifts,https://tfny2023.mapyourshow.com/8_0/exhibitor/exhibitor-details.cfm?exhid=356574
Brain Tree Games LLC,https://tfny2023.mapyourshow.com/8_0/exhibitor/exhibitor-details.cfm?exhid=299973
Bravo Toys Limited,https://tfny2023.mapyourshow.com/8_0/exhibitor/exhibitor-details.cfm?exhid=300581
Brickshield,https://tfny2023.mapyourshow.com/8_0/exhibitor/exhibitor-details.cfm?exhid=230458
Bright Concept PTE Ltd,https://tfny2023.mapyourshow.com/8_0/exhibitor/exhibitor-details.cfm?exhid=361514
Bright Stripes,https://tfny2023.mapyourshow.com/8_0/exhibitor/exhibitor-details.cfm?exhid=231955
Bright Time Toys,https://tfny2023.mapyourshow.com/8_0/exhibitor/exhibitor-details.cfm?exhid=233068
"Brightz, Ltd.",https://tfny2023.mapyourshow.com/8_0/exhibitor/exhibitor-details.cfm?exhid=89866
Brown Toy Box,https://tfny2023.mapyourshow.com/8_0/exhibitor/exhibitor-details.cfm?exhid=320741
Bubblegum Stuff,https://tfny2023.mapyourshow.com/8_0/exhibitor/exhibitor-details.cfm?exhid=300329
Buddy and Barney Ltd.,https://tfny2023.mapyourshow.com/8_0/exhibitor/exhibitor-details.cfm?exhid=270687
Buffalo/Ceaco/Eastpoint,https://tfny2023.mapyourshow.com/8_0/exhibitor/exhibitor-details.cfm?exhid=25739
"Build-A-Bear Workshop, Inc.",https://tfny2023.mapyourshow.com/8_0/exhibitor/exhibitor-details.cfm?exhid=35202
Bukowski Design AB,https://tfny2023.mapyourshow.com/8_0/exhibitor/exhibitor-details.cfm?exhid=360289
Bullyland (Taurus Blooms LLC),https://tfny2023.mapyourshow.com/8_0/exhibitor/exhibitor-details.cfm?exhid=344347
Bumkins,https://tfny2023.mapyourshow.com/8_0/exhibitor/exhibitor-details.cfm?exhid=46361
Bunnies By The Bay,https://tfny2023.mapyourshow.com/8_0/exhibitor/exhibitor-details.cfm?exhid=27357
Business France,https://tfny2023.mapyourshow.com/8_0/exhibitor/exhibitor-details.cfm?exhid=299665
Butterfly Edufields Private Limited,https://tfny2023.mapyourshow.com/8_0/exhibitor/exhibitor-details.cfm?exhid=313764
Buyer Lounge,https://tfny2023.mapyourshow.com/8_0/exhibitor/exhibitor-details.cfm?exhid=3
"Buzzy, Inc.",https://tfny2023.mapyourshow.com/8_0/exhibitor/exhibitor-details.cfm?exhid=232443
C.R. Gibson Signature,https://tfny2023.mapyourshow.com/8_0/exhibitor/exhibitor-details.cfm?exhid=360558
California Creations,https://tfny2023.mapyourshow.com/8_0/exhibitor/exhibitor-details.cfm?exhid=26617
Calisson Inc. / Vulli,https://tfny2023.mapyourshow.com/8_0/exhibitor/exhibitor-details.cfm?exhid=197246
Calliope Games,https://tfny2023.mapyourshow.com/8_0/exhibitor/exhibitor-details.cfm?exhid=62659
Camelot,https://tfny2023.mapyourshow.com/8_0/exhibitor/exhibitor-details.cfm?exhid=196733
Canal Toys,https://tfny2023.mapyourshow.com/8_0/exhibitor/exhibitor-details.cfm?exhid=92833
Capelli New York,https://tfny2023.mapyourshow.com/8_0/exhibitor/exhibitor-details.cfm?exhid=34216
Carma Games - TENZI,https://tfny2023.mapyourshow.com/8_0/exhibitor/exhibitor-details.cfm?exhid=79261
Casdon Ltd. UK,https://tfny2023.mapyourshow.com/8_0/exhibitor/exhibitor-details.cfm?exhid=46749
Cathay Toys,https://tfny2023.mapyourshow.com/8_0/exhibitor/exhibitor-details.cfm?exhid=361674
Celestial Buddies,https://tfny2023.mapyourshow.com/8_0/exhibitor/exhibitor-details.cfm?exhid=65432
Cepia LLC,https://tfny2023.mapyourshow.com/8_0/exhibitor/exhibitor-details.cfm?exhid=61870
Channel Craft,https://tfny2023.mapyourshow.com/8_0/exhibitor/exhibitor-details.cfm?exhid=25171
Charmland/Smilebloomi/Yotoys,https://tfny2023.mapyourshow.com/8_0/exhibitor/exhibitor-details.cfm?exhid=91686
ChessUp,https://tfny2023.mapyourshow.com/8_0/exhibitor/exhibitor-details.cfm?exhid=358957
CHH Quality Products Inc.,https://tfny2023.mapyourshow.com/8_0/exhibitor/exhibitor-details.cfm?exhid=25198
Chooseco,https://tfny2023.mapyourshow.com/8_0/exhibitor/exhibitor-details.cfm?exhid=303623
"Cinema Secrets, Inc.",https://tfny2023.mapyourshow.com/8_0/exhibitor/exhibitor-details.cfm?exhid=25659
CircuitMess,https://tfny2023.mapyourshow.com/8_0/exhibitor/exhibitor-details.cfm?exhid=360365
Clarendon Games Ltd,https://tfny2023.mapyourshow.com/8_0/exhibitor/exhibitor-details.cfm?exhid=155208
Classic World Toys,https://tfny2023.mapyourshow.com/8_0/exhibitor/exhibitor-details.cfm?exhid=152140
Clever Idiots Inc.,https://tfny2023.mapyourshow.com/8_0/exhibitor/exhibitor-details.cfm?exhid=93692
Clever Noodle,https://tfny2023.mapyourshow.com/8_0/exhibitor/exhibitor-details.cfm?exhid=361791
Click Europe Ltd,https://tfny2023.mapyourshow.com/8_0/exhibitor/exhibitor-details.cfm?exhid=360418
Clixo,https://tfny2023.mapyourshow.com/8_0/exhibitor/exhibitor-details.cfm?exhid=300469
COBI,https://tfny2023.mapyourshow.com/8_0/exhibitor/exhibitor-details.cfm?exhid=32651
Cobra RC Toys / Relaxus,https://tfny2023.mapyourshow.com/8_0/exhibitor/exhibitor-details.cfm?exhid=60022
"Colorverse, LLC",https://tfny2023.mapyourshow.com/8_0/exhibitor/exhibitor-details.cfm?exhid=299115
"Commonwealth Toy & Novelty Co., Inc.",https://tfny2023.mapyourshow.com/8_0/exhibitor/exhibitor-details.cfm?exhid=10034
compacToys GmbH & Co. KG,https://tfny2023.mapyourshow.com/8_0/exhibitor/exhibitor-details.cfm?exhid=361363
Connect You America,https://tfny2023.mapyourshow.com/8_0/exhibitor/exhibitor-details.cfm?exhid=361798
"Constructive Eating, Inc.",https://tfny2023.mapyourshow.com/8_0/exhibitor/exhibitor-details.cfm?exhid=60657
Content Creator Lounge,https://tfny2023.mapyourshow.com/8_0/exhibitor/exhibitor-details.cfm?exhid=4
Continuum Games,https://tfny2023.mapyourshow.com/8_0/exhibitor/exhibitor-details.cfm?exhid=54412
Contixo Inc.,https://tfny2023.mapyourshow.com/8_0/exhibitor/exhibitor-details.cfm?exhid=363396
Corolle,https://tfny2023.mapyourshow.com/8_0/exhibitor/exhibitor-details.cfm?exhid=27062
Cra-Z-Art/LaRose Industries LLC,https://tfny2023.mapyourshow.com/8_0/exhibitor/exhibitor-details.cfm?exhid=59056
Crafthub,https://tfny2023.mapyourshow.com/8_0/exhibitor/exhibitor-details.cfm?exhid=362221
Crated With Love,https://tfny2023.mapyourshow.com/8_0/exhibitor/exhibitor-details.cfm?exhid=343329
Crawligator,https://tfny2023.mapyourshow.com/8_0/exhibitor/exhibitor-details.cfm?exhid=362599
"Crayola, LLC",https://tfny2023.mapyourshow.com/8_0/exhibitor/exhibitor-details.cfm?exhid=10021
Crazy Aaron's,https://tfny2023.mapyourshow.com/8_0/exhibitor/exhibitor-details.cfm?exhid=65360
Create A Castle,https://tfny2023.mapyourshow.com/8_0/exhibitor/exhibitor-details.cfm?exhid=229859
"Create Your Self, AT Kits LLC",https://tfny2023.mapyourshow.com/8_0/exhibitor/exhibitor-details.cfm?exhid=147934
"CreateOn, LLC",https://tfny2023.mapyourshow.com/8_0/exhibitor/exhibitor-details.cfm?exhid=268606
Creative Beginning,https://tfny2023.mapyourshow.com/8_0/exhibitor/exhibitor-details.cfm?exhid=305887
Creative Brainworks LLC,https://tfny2023.mapyourshow.com/8_0/exhibitor/exhibitor-details.cfm?exhid=152868
Creative Kids,https://tfny2023.mapyourshow.com/8_0/exhibitor/exhibitor-details.cfm?exhid=45121
Creative Toy Company,https://tfny2023.mapyourshow.com/8_0/exhibitor/exhibitor-details.cfm?exhid=91698
Crestar Ltd.,https://tfny2023.mapyourshow.com/8_0/exhibitor/exhibitor-details.cfm?exhid=197232
Crocodile Creek,https://tfny2023.mapyourshow.com/8_0/exhibitor/exhibitor-details.cfm?exhid=38743
Crojack Capital Inc.,https://tfny2023.mapyourshow.com/8_0/exhibitor/exhibitor-details.cfm?exhid=93424
Cuddle Barn,https://tfny2023.mapyourshow.com/8_0/exhibitor/exhibitor-details.cfm?exhid=29746
Cuddles & friends,https://tfny2023.mapyourshow.com/8_0/exhibitor/exhibitor-details.cfm?exhid=360024
Curious Media Inc.,https://tfny2023.mapyourshow.com/8_0/exhibitor/exhibitor-details.cfm?exhid=308699
Cut.Com,https://tfny2023.mapyourshow.com/8_0/exhibitor/exhibitor-details.cfm?exhid=313802
Endless Fun LLC,https://tfny2023.mapyourshow.com/8_0/exhibitor/exhibitor-details.cfm?exhid=79597
Enginuity Games,https://tfny2023.mapyourshow.com/8_0/exhibitor/exhibitor-details.cfm?exhid=27838
"Ensky Co., Ltd.",https://tfny2023.mapyourshow.com/8_0/exhibitor/exhibitor-details.cfm?exhid=360571
Entertainment Earth and EE Distribution,https://tfny2023.mapyourshow.com/8_0/exhibitor/exhibitor-details.cfm?exhid=65220
Enviro-Mental Toy Co. Inc.,https://tfny2023.mapyourshow.com/8_0/exhibitor/exhibitor-details.cfm?exhid=27506
Epoch Everlasting Play LLC,https://tfny2023.mapyourshow.com/8_0/exhibitor/exhibitor-details.cfm?exhid=10086
Eurofins / Modern Testing Services,https://tfny2023.mapyourshow.com/8_0/exhibitor/exhibitor-details.cfm?exhid=90839
EuroGraphics Inc.,https://tfny2023.mapyourshow.com/8_0/exhibitor/exhibitor-details.cfm?exhid=59923
Everest Toys,https://tfny2023.mapyourshow.com/8_0/exhibitor/exhibitor-details.cfm?exhid=62309
Everglory Products Corporation,https://tfny2023.mapyourshow.com/8_0/exhibitor/exhibitor-details.cfm?exhid=360223
Evergreen (C.P.) USA Inc.,https://tfny2023.mapyourshow.com/8_0/exhibitor/exhibitor-details.cfm?exhid=25331
"Everrich Industries, Inc.",https://tfny2023.mapyourshow.com/8_0/exhibitor/exhibitor-details.cfm?exhid=52969
EVORETRO,https://tfny2023.mapyourshow.com/8_0/exhibitor/exhibitor-details.cfm?exhid=358064
Excell Brands,https://tfny2023.mapyourshow.com/8_0/exhibitor/exhibitor-details.cfm?exhid=69085
Exceptional Concepts,https://tfny2023.mapyourshow.com/8_0/exhibitor/exhibitor-details.cfm?exhid=359915
Exploding Kittens,https://tfny2023.mapyourshow.com/8_0/exhibitor/exhibitor-details.cfm?exhid=128255
Explore Scientific - BRESSER,https://tfny2023.mapyourshow.com/8_0/exhibitor/exhibitor-details.cfm?exhid=61779
EyeConnectCrafts.Com,https://tfny2023.mapyourshow.com/8_0/exhibitor/exhibitor-details.cfm?exhid=362658
EzyRoller LLC,https://tfny2023.mapyourshow.com/8_0/exhibitor/exhibitor-details.cfm?exhid=53687
Faber-Castell USA/Creativity for Kids,https://tfny2023.mapyourshow.com/8_0/exhibitor/exhibitor-details.cfm?exhid=10039
"Fantasma Toys, Inc.",https://tfny2023.mapyourshow.com/8_0/exhibitor/exhibitor-details.cfm?exhid=43283
FAO Schwarz,https://tfny2023.mapyourshow.com/8_0/exhibitor/exhibitor-details.cfm?exhid=65503
"Fascinations, Inc.",https://tfny2023.mapyourshow.com/8_0/exhibitor/exhibitor-details.cfm?exhid=27122
Fashion Angels,https://tfny2023.mapyourshow.com/8_0/exhibitor/exhibitor-details.cfm?exhid=26703
Fat Brain Toy Co.,https://tfny2023.mapyourshow.com/8_0/exhibitor/exhibitor-details.cfm?exhid=53588
Fe Chen Inc.,https://tfny2023.mapyourshow.com/8_0/exhibitor/exhibitor-details.cfm?exhid=362448
Felix Europe,https://tfny2023.mapyourshow.com/8_0/exhibitor/exhibitor-details.cfm?exhid=298730
Fiesta,https://tfny2023.mapyourshow.com/8_0/exhibitor/exhibitor-details.cfm?exhid=11230
Fizz Creations,https://tfny2023.mapyourshow.com/8_0/exhibitor/exhibitor-details.cfm?exhid=358649
FJA Warehouse Solutions,https://tfny2023.mapyourshow.com/8_0/exhibitor/exhibitor-details.cfm?exhid=369590
Flash Sales,https://tfny2023.mapyourshow.com/8_0/exhibitor/exhibitor-details.cfm?exhid=76633
"FlashingBlinkyLights, Inc.",https://tfny2023.mapyourshow.com/8_0/exhibitor/exhibitor-details.cfm?exhid=89878
Flat River Group,https://tfny2023.mapyourshow.com/8_0/exhibitor/exhibitor-details.cfm?exhid=90235
Flex Deck Playing Cards,https://tfny2023.mapyourshow.com/8_0/exhibitor/exhibitor-details.cfm?exhid=276146
"Flexible Flyer Sleds / Paricon, Inc.",https://tfny2023.mapyourshow.com/8_0/exhibitor/exhibitor-details.cfm?exhid=50034
Floodgate Games,https://tfny2023.mapyourshow.com/8_0/exhibitor/exhibitor-details.cfm?exhid=300158
Floss & Rock,https://tfny2023.mapyourshow.com/8_0/exhibitor/exhibitor-details.cfm?exhid=130077
Flybar Inc,https://tfny2023.mapyourshow.com/8_0/exhibitor/exhibitor-details.cfm?exhid=46595
Foam Brain Games,https://tfny2023.mapyourshow.com/8_0/exhibitor/exhibitor-details.cfm?exhid=300346
Folkmanis Inc.,https://tfny2023.mapyourshow.com/8_0/exhibitor/exhibitor-details.cfm?exhid=25342
"Follies, Inc.",https://tfny2023.mapyourshow.com/8_0/exhibitor/exhibitor-details.cfm?exhid=360304
Fotorama,https://tfny2023.mapyourshow.com/8_0/exhibitor/exhibitor-details.cfm?exhid=65369
Four Horsemen LLC,https://tfny2023.mapyourshow.com/8_0/exhibitor/exhibitor-details.cfm?exhid=94149
Fox Chapel Publishing,https://tfny2023.mapyourshow.com/8_0/exhibitor/exhibitor-details.cfm?exhid=126864
FoxMind Games,https://tfny2023.mapyourshow.com/8_0/exhibitor/exhibitor-details.cfm?exhid=40064
"Frank Bros Co., Ltd.",https://tfny2023.mapyourshow.com/8_0/exhibitor/exhibitor-details.cfm?exhid=360722
"Franklin Sports, Inc.",https://tfny2023.mapyourshow.com/8_0/exhibitor/exhibitor-details.cfm?exhid=31650
Fred & Friends,https://tfny2023.mapyourshow.com/8_0/exhibitor/exhibitor-details.cfm?exhid=231546
FREDDO,https://tfny2023.mapyourshow.com/8_0/exhibitor/exhibitor-details.cfm?exhid=298253
Friendly Loom by Harrisville Designs Inc.,https://tfny2023.mapyourshow.com/8_0/exhibitor/exhibitor-details.cfm?exhid=25402
Froggy's Lair,https://tfny2023.mapyourshow.com/8_0/exhibitor/exhibitor-details.cfm?exhid=268696
Fun Express Inc.,https://tfny2023.mapyourshow.com/8_0/exhibitor/exhibitor-details.cfm?exhid=30389
Fun Lines,https://tfny2023.mapyourshow.com/8_0/exhibitor/exhibitor-details.cfm?exhid=25349
Fungisaurs Inc.,https://tfny2023.mapyourshow.com/8_0/exhibitor/exhibitor-details.cfm?exhid=232017
Fungram Balloons,https://tfny2023.mapyourshow.com/8_0/exhibitor/exhibitor-details.cfm?exhid=359577
Funko LLC,https://tfny2023.mapyourshow.com/8_0/exhibitor/exhibitor-details.cfm?exhid=29998
Funmax,https://tfny2023.mapyourshow.com/8_0/exhibitor/exhibitor-details.cfm?exhid=357745
Funormous,https://tfny2023.mapyourshow.com/8_0/exhibitor/exhibitor-details.cfm?exhid=269208
Funride Toys LLP,https://tfny2023.mapyourshow.com/8_0/exhibitor/exhibitor-details.cfm?exhid=306793
Funskool,https://tfny2023.mapyourshow.com/8_0/exhibitor/exhibitor-details.cfm?exhid=306131
FUZION-NEXTSPORT,https://tfny2023.mapyourshow.com/8_0/exhibitor/exhibitor-details.cfm?exhid=54343
Galison Mudpuppy,https://tfny2023.mapyourshow.com/8_0/exhibitor/exhibitor-details.cfm?exhid=25359
Gallery Panda,https://tfny2023.mapyourshow.com/8_0/exhibitor/exhibitor-details.cfm?exhid=358099
GameChangers,https://tfny2023.mapyourshow.com/8_0/exhibitor/exhibitor-details.cfm?exhid=299268
"Games Workshop, PLC",https://tfny2023.mapyourshow.com/8_0/exhibitor/exhibitor-details.cfm?exhid=35580
Geek Club,https://tfny2023.mapyourshow.com/8_0/exhibitor/exhibitor-details.cfm?exhid=360061
Gel Blaster,https://tfny2023.mapyourshow.com/8_0/exhibitor/exhibitor-details.cfm?exhid=360140
General Session Theatre,https://tfny2023.mapyourshow.com/8_0/exhibitor/exhibitor-details.cfm?exhid=6
Generation X Sales & Marketing,https://tfny2023.mapyourshow.com/8_0/exhibitor/exhibitor-details.cfm?exhid=197380
Gentle Giant Studios,https://tfny2023.mapyourshow.com/8_0/exhibitor/exhibitor-details.cfm?exhid=153192
GEOMAGWORLD USA,https://tfny2023.mapyourshow.com/8_0/exhibitor/exhibitor-details.cfm?exhid=91662
GeoToys,https://tfny2023.mapyourshow.com/8_0/exhibitor/exhibitor-details.cfm?exhid=52967
Gerardo's Toys,https://tfny2023.mapyourshow.com/8_0/exhibitor/exhibitor-details.cfm?exhid=361294
GIANTmicrobes,https://tfny2023.mapyourshow.com/8_0/exhibitor/exhibitor-details.cfm?exhid=46773
Glo Pals,https://tfny2023.mapyourshow.com/8_0/exhibitor/exhibitor-details.cfm?exhid=196930
Global Toy Experts,https://tfny2023.mapyourshow.com/8_0/exhibitor/exhibitor-details.cfm?exhid=26414
Globber Scooters,https://tfny2023.mapyourshow.com/8_0/exhibitor/exhibitor-details.cfm?exhid=94526
Globe Trotoys,https://tfny2023.mapyourshow.com/8_0/exhibitor/exhibitor-details.cfm?exhid=75257
Gloworks Inc.,https://tfny2023.mapyourshow.com/8_0/exhibitor/exhibitor-details.cfm?exhid=53543
GNT NETHERLANDS BV,https://tfny2023.mapyourshow.com/8_0/exhibitor/exhibitor-details.cfm?exhid=343296
Go! Toys and Games,https://tfny2023.mapyourshow.com/8_0/exhibitor/exhibitor-details.cfm?exhid=343172
Goblies,https://tfny2023.mapyourshow.com/8_0/exhibitor/exhibitor-details.cfm?exhid=95135
GodHand USA Corp.,https://tfny2023.mapyourshow.com/8_0/exhibitor/exhibitor-details.cfm?exhid=362105
"Goki America, Inc.",https://tfny2023.mapyourshow.com/8_0/exhibitor/exhibitor-details.cfm?exhid=303598
Goliath,https://tfny2023.mapyourshow.com/8_0/exhibitor/exhibitor-details.cfm?exhid=61983
Good Art Limited,https://tfny2023.mapyourshow.com/8_0/exhibitor/exhibitor-details.cfm?exhid=359774
Good Play Guide STEAM Toy Accreditation Program,https://tfny2023.mapyourshow.com/8_0/exhibitor/exhibitor-details.cfm?exhid=300734
"Good Smile Company, Inc.",https://tfny2023.mapyourshow.com/8_0/exhibitor/exhibitor-details.cfm?exhid=92213
Good Soul Brands,https://tfny2023.mapyourshow.com/8_0/exhibitor/exhibitor-details.cfm?exhid=379534
Gotta Get It Gifts,https://tfny2023.mapyourshow.com/8_0/exhibitor/exhibitor-details.cfm?exhid=54761
Grandpa Beck's Games,https://tfny2023.mapyourshow.com/8_0/exhibitor/exhibitor-details.cfm?exhid=87786
Grandpa Joe's Candy Shop,https://tfny2023.mapyourshow.com/8_0/exhibitor/exhibitor-details.cfm?exhid=300094
Great Eastern Entertainment,https://tfny2023.mapyourshow.com/8_0/exhibitor/exhibitor-details.cfm?exhid=357906
"Green Kids Club, Inc.",https://tfny2023.mapyourshow.com/8_0/exhibitor/exhibitor-details.cfm?exhid=92097
Green Toys Inc.,https://tfny2023.mapyourshow.com/8_0/exhibitor/exhibitor-details.cfm?exhid=54269
GreenLight LLC,https://tfny2023.mapyourshow.com/8_0/exhibitor/exhibitor-details.cfm?exhid=50733
Griddly Kids,https://tfny2023.mapyourshow.com/8_0/exhibitor/exhibitor-details.cfm?exhid=54418
Grip It Sleek LLC,https://tfny2023.mapyourshow.com/8_0/exhibitor/exhibitor-details.cfm?exhid=92236
Grow'n Up Limited,https://tfny2023.mapyourshow.com/8_0/exhibitor/exhibitor-details.cfm?exhid=52513
"Guangdong Akia Technology Co., Ltd.",https://tfny2023.mapyourshow.com/8_0/exhibitor/exhibitor-details.cfm?exhid=360822
"Guangdong Baoge Educational Material Sci-Tech Co., Ltd.",https://tfny2023.mapyourshow.com/8_0/exhibitor/exhibitor-details.cfm?exhid=360816
"Guangdong Dragon Electronic Commerce Co., Ltd.",https://tfny2023.mapyourshow.com/8_0/exhibitor/exhibitor-details.cfm?exhid=104763
"Guangdong Feilun Technology Industrial Co., Ltd.",https://tfny2023.mapyourshow.com/8_0/exhibitor/exhibitor-details.cfm?exhid=94054
"Guangdong Songyang Plastic Toys Co., Ltd.",https://tfny2023.mapyourshow.com/8_0/exhibitor/exhibitor-details.cfm?exhid=92299
"Guangxi Sisland Industrial Co., Ltd.",https://tfny2023.mapyourshow.com/8_0/exhibitor/exhibitor-details.cfm?exhid=360812
Guilty Until Proven Innocent LLC,https://tfny2023.mapyourshow.com/8_0/exhibitor/exhibitor-details.cfm?exhid=371513
Hachette Boardgames,https://tfny2023.mapyourshow.com/8_0/exhibitor/exhibitor-details.cfm?exhid=32736
HALFTOYS,https://tfny2023.mapyourshow.com/8_0/exhibitor/exhibitor-details.cfm?exhid=231402
Hamee US Corp,https://tfny2023.mapyourshow.com/8_0/exhibitor/exhibitor-details.cfm?exhid=196477
Hand2mind,https://tfny2023.mapyourshow.com/8_0/exhibitor/exhibitor-details.cfm?exhid=197733
Handmade by Robots,https://tfny2023.mapyourshow.com/8_0/exhibitor/exhibitor-details.cfm?exhid=90626
Hands Craft,https://tfny2023.mapyourshow.com/8_0/exhibitor/exhibitor-details.cfm?exhid=286156
Handstand Kitchen,https://tfny2023.mapyourshow.com/8_0/exhibitor/exhibitor-details.cfm?exhid=60838
Handy Famm,https://tfny2023.mapyourshow.com/8_0/exhibitor/exhibitor-details.cfm?exhid=361830
HANG WING PLASTIC INDUSTRY CO.,https://tfny2023.mapyourshow.com/8_0/exhibitor/exhibitor-details.cfm?exhid=92283
"Hangzhou Jinjuyou Technology Co., Ltd.",https://tfny2023.mapyourshow.com/8_0/exhibitor/exhibitor-details.cfm?exhid=233592
Hape,https://tfny2023.mapyourshow.com/8_0/exhibitor/exhibitor-details.cfm?exhid=25319
Happy Line Toys,https://tfny2023.mapyourshow.com/8_0/exhibitor/exhibitor-details.cfm?exhid=196850
"Happy Toys, Inc.",https://tfny2023.mapyourshow.com/8_0/exhibitor/exhibitor-details.cfm?exhid=126452
Harry Wells & Assoc./Square Root Games,https://tfny2023.mapyourshow.com/8_0/exhibitor/exhibitor-details.cfm?exhid=39977
Hauck USA Inc.,https://tfny2023.mapyourshow.com/8_0/exhibitor/exhibitor-details.cfm?exhid=26565
Havin' A Party,https://tfny2023.mapyourshow.com/8_0/exhibitor/exhibitor-details.cfm?exhid=362724
Headstart International,https://tfny2023.mapyourshow.com/8_0/exhibitor/exhibitor-details.cfm?exhid=95112
Headu USA LLC,https://tfny2023.mapyourshow.com/8_0/exhibitor/exhibitor-details.cfm?exhid=197264
Hearthsong Wholesale,https://tfny2023.mapyourshow.com/8_0/exhibitor/exhibitor-details.cfm?exhid=154435
Heebie Jeebies,https://tfny2023.mapyourshow.com/8_0/exhibitor/exhibitor-details.cfm?exhid=128276
Heiwei USA LLC,https://tfny2023.mapyourshow.com/8_0/exhibitor/exhibitor-details.cfm?exhid=107128
Hero Kiddo,https://tfny2023.mapyourshow.com/8_0/exhibitor/exhibitor-details.cfm?exhid=91945
"Hero Toy Co., Ltd.",https://tfny2023.mapyourshow.com/8_0/exhibitor/exhibitor-details.cfm?exhid=342155
"Heutink USA, Inc dba Tout About Toys",https://tfny2023.mapyourshow.com/8_0/exhibitor/exhibitor-details.cfm?exhid=359480
"HexPath Games, LLC",https://tfny2023.mapyourshow.com/8_0/exhibitor/exhibitor-details.cfm?exhid=357869
HGP GROUP,https://tfny2023.mapyourshow.com/8_0/exhibitor/exhibitor-details.cfm?exhid=284076
High Roller USA,https://tfny2023.mapyourshow.com/8_0/exhibitor/exhibitor-details.cfm?exhid=92649
Highlights for Children,https://tfny2023.mapyourshow.com/8_0/exhibitor/exhibitor-details.cfm?exhid=10074
HM Smallwares Ltd. (HMS),https://tfny2023.mapyourshow.com/8_0/exhibitor/exhibitor-details.cfm?exhid=50984
HoloToyz,https://tfny2023.mapyourshow.com/8_0/exhibitor/exhibitor-details.cfm?exhid=360413
Honeysticks,https://tfny2023.mapyourshow.com/8_0/exhibitor/exhibitor-details.cfm?exhid=362021
Hootenanny Games,https://tfny2023.mapyourshow.com/8_0/exhibitor/exhibitor-details.cfm?exhid=360378
Hopes Game,https://tfny2023.mapyourshow.com/8_0/exhibitor/exhibitor-details.cfm?exhid=268578
Horizon Group USA Inc.,https://tfny2023.mapyourshow.com/8_0/exhibitor/exhibitor-details.cfm?exhid=50740
Hornby America,https://tfny2023.mapyourshow.com/8_0/exhibitor/exhibitor-details.cfm?exhid=54073
"Hot Focus, Inc.",https://tfny2023.mapyourshow.com/8_0/exhibitor/exhibitor-details.cfm?exhid=48544
Hotaling Imports,https://tfny2023.mapyourshow.com/8_0/exhibitor/exhibitor-details.cfm?exhid=32548
HQ Kites & Designs,https://tfny2023.mapyourshow.com/8_0/exhibitor/exhibitor-details.cfm?exhid=27505
"HST-US, LLC",https://tfny2023.mapyourshow.com/8_0/exhibitor/exhibitor-details.cfm?exhid=306266
Hugg-A-PlanetÂ®,https://tfny2023.mapyourshow.com/8_0/exhibitor/exhibitor-details.cfm?exhid=25416
Hugimals World,https://tfny2023.mapyourshow.com/8_0/exhibitor/exhibitor-details.cfm?exhid=343848
Hunt A Killer,https://tfny2023.mapyourshow.com/8_0/exhibitor/exhibitor-details.cfm?exhid=232339
Hunter Products,https://tfny2023.mapyourshow.com/8_0/exhibitor/exhibitor-details.cfm?exhid=126646
Hyper Gogo,https://tfny2023.mapyourshow.com/8_0/exhibitor/exhibitor-details.cfm?exhid=362763
"Hyper Toy Company, Inc.",https://tfny2023.mapyourshow.com/8_0/exhibitor/exhibitor-details.cfm?exhid=154320
Identity Games International,https://tfny2023.mapyourshow.com/8_0/exhibitor/exhibitor-details.cfm?exhid=44258
Igloo Books,https://tfny2023.mapyourshow.com/8_0/exhibitor/exhibitor-details.cfm?exhid=361567
"Imagination Gaming, Inc.",https://tfny2023.mapyourshow.com/8_0/exhibitor/exhibitor-details.cfm?exhid=268970
Imagination Starters,https://tfny2023.mapyourshow.com/8_0/exhibitor/exhibitor-details.cfm?exhid=94875
IMC Toys US Inc.,https://tfny2023.mapyourshow.com/8_0/exhibitor/exhibitor-details.cfm?exhid=155718
Imperial Manufactory Limited,https://tfny2023.mapyourshow.com/8_0/exhibitor/exhibitor-details.cfm?exhid=361856
Imports Dragon,https://tfny2023.mapyourshow.com/8_0/exhibitor/exhibitor-details.cfm?exhid=63651
In KidZ,https://tfny2023.mapyourshow.com/8_0/exhibitor/exhibitor-details.cfm?exhid=319478
Incredible Group,https://tfny2023.mapyourshow.com/8_0/exhibitor/exhibitor-details.cfm?exhid=344129
Infantino,https://tfny2023.mapyourshow.com/8_0/exhibitor/exhibitor-details.cfm?exhid=30213
"Infinifan, Inc.",https://tfny2023.mapyourshow.com/8_0/exhibitor/exhibitor-details.cfm?exhid=153170
"INI, LLC",https://tfny2023.mapyourshow.com/8_0/exhibitor/exhibitor-details.cfm?exhid=49104
Inkology LLC,https://tfny2023.mapyourshow.com/8_0/exhibitor/exhibitor-details.cfm?exhid=53800
Innobaby,https://tfny2023.mapyourshow.com/8_0/exhibitor/exhibitor-details.cfm?exhid=93774
Innolabs LLC- ENGINO,https://tfny2023.mapyourshow.com/8_0/exhibitor/exhibitor-details.cfm?exhid=128418
Innov8 Academy,https://tfny2023.mapyourshow.com/8_0/exhibitor/exhibitor-details.cfm?exhid=269433
Innovaction Toys,https://tfny2023.mapyourshow.com/8_0/exhibitor/exhibitor-details.cfm?exhid=359300
Innovative Designs,https://tfny2023.mapyourshow.com/8_0/exhibitor/exhibitor-details.cfm?exhid=45567
Insect Lore,https://tfny2023.mapyourshow.com/8_0/exhibitor/exhibitor-details.cfm?exhid=36305
InstaCake Cards,https://tfny2023.mapyourshow.com/8_0/exhibitor/exhibitor-details.cfm?exhid=360781
Intertek,https://tfny2023.mapyourshow.com/8_0/exhibitor/exhibitor-details.cfm?exhid=10186
Intex Entertainment Inc.,https://tfny2023.mapyourshow.com/8_0/exhibitor/exhibitor-details.cfm?exhid=79401
Intrism Inc.,https://tfny2023.mapyourshow.com/8_0/exhibitor/exhibitor-details.cfm?exhid=361464
INTROMARK INC.,https://tfny2023.mapyourshow.com/8_0/exhibitor/exhibitor-details.cfm?exhid=51633
"iPlay, iLearn",https://tfny2023.mapyourshow.com/8_0/exhibitor/exhibitor-details.cfm?exhid=231452
IRON STUDIOS,https://tfny2023.mapyourshow.com/8_0/exhibitor/exhibitor-details.cfm?exhid=231574
Iscream,https://tfny2023.mapyourshow.com/8_0/exhibitor/exhibitor-details.cfm?exhid=60613
Itzy Ritzy,https://tfny2023.mapyourshow.com/8_0/exhibitor/exhibitor-details.cfm?exhid=299203
Ivy Trading Inc. - Cutie Collections,https://tfny2023.mapyourshow.com/8_0/exhibitor/exhibitor-details.cfm?exhid=44896
J.H. Lindo,https://tfny2023.mapyourshow.com/8_0/exhibitor/exhibitor-details.cfm?exhid=360409
Ja-Ru Inc,https://tfny2023.mapyourshow.com/8_0/exhibitor/exhibitor-details.cfm?exhid=10198
Jabber Ball,https://tfny2023.mapyourshow.com/8_0/exhibitor/exhibitor-details.cfm?exhid=154919
JaCaRou Puzzles Inc.,https://tfny2023.mapyourshow.com/8_0/exhibitor/exhibitor-details.cfm?exhid=231405
"Jada Toys, Inc.",https://tfny2023.mapyourshow.com/8_0/exhibitor/exhibitor-details.cfm?exhid=34777
Jam'n Products,https://tfny2023.mapyourshow.com/8_0/exhibitor/exhibitor-details.cfm?exhid=79259
Japanime Games,https://tfny2023.mapyourshow.com/8_0/exhibitor/exhibitor-details.cfm?exhid=90236
Jazwares,https://tfny2023.mapyourshow.com/8_0/exhibitor/exhibitor-details.cfm?exhid=54279
"JC Toys Group, Inc.",https://tfny2023.mapyourshow.com/8_0/exhibitor/exhibitor-details.cfm?exhid=11074
Kole Imports and Closeouts,https://tfny2023.mapyourshow.com/8_0/exhibitor/exhibitor-details.cfm?exhid=344294
"Konami Digital Entertainment, Inc.",https://tfny2023.mapyourshow.com/8_0/exhibitor/exhibitor-details.cfm?exhid=34947
KOTO INC.,https://tfny2023.mapyourshow.com/8_0/exhibitor/exhibitor-details.cfm?exhid=251202
"Kotobukiya Co., Ltd.",https://tfny2023.mapyourshow.com/8_0/exhibitor/exhibitor-details.cfm?exhid=51771
Kouhigh Inc,https://tfny2023.mapyourshow.com/8_0/exhibitor/exhibitor-details.cfm?exhid=361160
Kulture Khazana Inc.,https://tfny2023.mapyourshow.com/8_0/exhibitor/exhibitor-details.cfm?exhid=360795
Lawnch,https://tfny2023.mapyourshow.com/8_0/exhibitor/exhibitor-details.cfm?exhid=359881
Lazy Gnomes LLC,https://tfny2023.mapyourshow.com/8_0/exhibitor/exhibitor-details.cfm?exhid=357828
LE JOUET SIMPLE,https://tfny2023.mapyourshow.com/8_0/exhibitor/exhibitor-details.cfm?exhid=373921
Leading Edge Novelty Inc.,https://tfny2023.mapyourshow.com/8_0/exhibitor/exhibitor-details.cfm?exhid=74187
Learning Resources,https://tfny2023.mapyourshow.com/8_0/exhibitor/exhibitor-details.cfm?exhid=25254
"LEGO Systems, Inc.",https://tfny2023.mapyourshow.com/8_0/exhibitor/exhibitor-details.cfm?exhid=10218
Leisure Learning Products/Mighty Mind Kids,https://tfny2023.mapyourshow.com/8_0/exhibitor/exhibitor-details.cfm?exhid=38553
LEKO ANIME(HK)COMPANY LIMITED,https://tfny2023.mapyourshow.com/8_0/exhibitor/exhibitor-details.cfm?exhid=359504
Leo & Friends,https://tfny2023.mapyourshow.com/8_0/exhibitor/exhibitor-details.cfm?exhid=278184
Les Ã‰ditions Gladius,https://tfny2023.mapyourshow.com/8_0/exhibitor/exhibitor-details.cfm?exhid=229882
"Lexibook America, Inc.",https://tfny2023.mapyourshow.com/8_0/exhibitor/exhibitor-details.cfm?exhid=50672
Li'l Pengyu,https://tfny2023.mapyourshow.com/8_0/exhibitor/exhibitor-details.cfm?exhid=361840
License 2 Play Inc.,https://tfny2023.mapyourshow.com/8_0/exhibitor/exhibitor-details.cfm?exhid=25328
License Global,https://tfny2023.mapyourshow.com/8_0/exhibitor/exhibitor-details.cfm?exhid=59131
Liddle Speaker,https://tfny2023.mapyourshow.com/8_0/exhibitor/exhibitor-details.cfm?exhid=361495
Light Kinections,https://tfny2023.mapyourshow.com/8_0/exhibitor/exhibitor-details.cfm?exhid=343379
"LightUpToys.com, LLC",https://tfny2023.mapyourshow.com/8_0/exhibitor/exhibitor-details.cfm?exhid=53538
Lily Toy's,https://tfny2023.mapyourshow.com/8_0/exhibitor/exhibitor-details.cfm?exhid=300546
Lindenbridge Inc.,https://tfny2023.mapyourshow.com/8_0/exhibitor/exhibitor-details.cfm?exhid=361877
LINFENG I-plays Toys USA,https://tfny2023.mapyourshow.com/8_0/exhibitor/exhibitor-details.cfm?exhid=360583
Linzy Toys Inc.,https://tfny2023.mapyourshow.com/8_0/exhibitor/exhibitor-details.cfm?exhid=129347
"Lionel, LLC",https://tfny2023.mapyourshow.com/8_0/exhibitor/exhibitor-details.cfm?exhid=61330
Liscianigiochi SpA,https://tfny2023.mapyourshow.com/8_0/exhibitor/exhibitor-details.cfm?exhid=93743
Lissi Dolls,https://tfny2023.mapyourshow.com/8_0/exhibitor/exhibitor-details.cfm?exhid=25893
Little Adventures LLC,https://tfny2023.mapyourshow.com/8_0/exhibitor/exhibitor-details.cfm?exhid=54487
"Little Buddy, LLC",https://tfny2023.mapyourshow.com/8_0/exhibitor/exhibitor-details.cfm?exhid=90884
"Little Kids, Inc.",https://tfny2023.mapyourshow.com/8_0/exhibitor/exhibitor-details.cfm?exhid=11177
Little Larch,https://tfny2023.mapyourshow.com/8_0/exhibitor/exhibitor-details.cfm?exhid=362066
"LM Brands, LLC",https://tfny2023.mapyourshow.com/8_0/exhibitor/exhibitor-details.cfm?exhid=362039
Lola Stars USA Inc.,https://tfny2023.mapyourshow.com/8_0/exhibitor/exhibitor-details.cfm?exhid=359689
LOLILO,https://tfny2023.mapyourshow.com/8_0/exhibitor/exhibitor-details.cfm?exhid=373917
LongPack Games & Toys,https://tfny2023.mapyourshow.com/8_0/exhibitor/exhibitor-details.cfm?exhid=155672
Lowercase Toys,https://tfny2023.mapyourshow.com/8_0/exhibitor/exhibitor-details.cfm?exhid=362740
LSG Hobby,https://tfny2023.mapyourshow.com/8_0/exhibitor/exhibitor-details.cfm?exhid=291603
Lucky Duck Games,https://tfny2023.mapyourshow.com/8_0/exhibitor/exhibitor-details.cfm?exhid=300459
Lucky Egg,https://tfny2023.mapyourshow.com/8_0/exhibitor/exhibitor-details.cfm?exhid=359972
"Lucky Star Import & Export, Inc.",https://tfny2023.mapyourshow.com/8_0/exhibitor/exhibitor-details.cfm?exhid=231529
Lulu Junior,https://tfny2023.mapyourshow.com/8_0/exhibitor/exhibitor-details.cfm?exhid=25706
Lup Shun,https://tfny2023.mapyourshow.com/8_0/exhibitor/exhibitor-details.cfm?exhid=357836
LUPPA CREATING JOY,https://tfny2023.mapyourshow.com/8_0/exhibitor/exhibitor-details.cfm?exhid=359631
M & J Toys Inc,https://tfny2023.mapyourshow.com/8_0/exhibitor/exhibitor-details.cfm?exhid=362246
M&M Sales Enterprises Inc.,https://tfny2023.mapyourshow.com/8_0/exhibitor/exhibitor-details.cfm?exhid=103298
M&R Wholesale LLC,https://tfny2023.mapyourshow.com/8_0/exhibitor/exhibitor-details.cfm?exhid=361749
M. Ruskin Co. LLC,https://tfny2023.mapyourshow.com/8_0/exhibitor/exhibitor-details.cfm?exhid=26709
M2 Machines,https://tfny2023.mapyourshow.com/8_0/exhibitor/exhibitor-details.cfm?exhid=194325
"MAC Specialties, Ltd.",https://tfny2023.mapyourshow.com/8_0/exhibitor/exhibitor-details.cfm?exhid=342705
Maccabi Art,https://tfny2023.mapyourshow.com/8_0/exhibitor/exhibitor-details.cfm?exhid=129585
MADCOW ENTERTAINMENT,https://tfny2023.mapyourshow.com/8_0/exhibitor/exhibitor-details.cfm?exhid=305923
MADMIA,https://tfny2023.mapyourshow.com/8_0/exhibitor/exhibitor-details.cfm?exhid=300526
MAGIC SECRETS by LUGY,https://tfny2023.mapyourshow.com/8_0/exhibitor/exhibitor-details.cfm?exhid=360146
Magna-TilesÂ®,https://tfny2023.mapyourshow.com/8_0/exhibitor/exhibitor-details.cfm?exhid=28340
Magnetdabbles,https://tfny2023.mapyourshow.com/8_0/exhibitor/exhibitor-details.cfm?exhid=361579
"Maisto International, Inc.",https://tfny2023.mapyourshow.com/8_0/exhibitor/exhibitor-details.cfm?exhid=10110
Make it Real,https://tfny2023.mapyourshow.com/8_0/exhibitor/exhibitor-details.cfm?exhid=129117
Malarkey Kids,https://tfny2023.mapyourshow.com/8_0/exhibitor/exhibitor-details.cfm?exhid=94354
MAMBOBABY INC,https://tfny2023.mapyourshow.com/8_0/exhibitor/exhibitor-details.cfm?exhid=360901
Manhattan Toy Company,https://tfny2023.mapyourshow.com/8_0/exhibitor/exhibitor-details.cfm?exhid=11133
manimo by fdmt,https://tfny2023.mapyourshow.com/8_0/exhibitor/exhibitor-details.cfm?exhid=154441
Marba Sp. z.o.o. Sp. j.,https://tfny2023.mapyourshow.com/8_0/exhibitor/exhibitor-details.cfm?exhid=361364
Marioinex Waffle Blocks,https://tfny2023.mapyourshow.com/8_0/exhibitor/exhibitor-details.cfm?exhid=343874
Marky Sparky Toys,https://tfny2023.mapyourshow.com/8_0/exhibitor/exhibitor-details.cfm?exhid=45053
Marvin's Magic Ltd,https://tfny2023.mapyourshow.com/8_0/exhibitor/exhibitor-details.cfm?exhid=26900
Mary Meyer Stuffed Toys,https://tfny2023.mapyourshow.com/8_0/exhibitor/exhibitor-details.cfm?exhid=10115
Master Toys,https://tfny2023.mapyourshow.com/8_0/exhibitor/exhibitor-details.cfm?exhid=129766
Masterfile Co.,https://tfny2023.mapyourshow.com/8_0/exhibitor/exhibitor-details.cfm?exhid=378882
MasterPieces Inc.,https://tfny2023.mapyourshow.com/8_0/exhibitor/exhibitor-details.cfm?exhid=42992
Matchstick Monkey,https://tfny2023.mapyourshow.com/8_0/exhibitor/exhibitor-details.cfm?exhid=59062
Mavi Bandz,https://tfny2023.mapyourshow.com/8_0/exhibitor/exhibitor-details.cfm?exhid=269206
"Maxim Enterprise, Inc.",https://tfny2023.mapyourshow.com/8_0/exhibitor/exhibitor-details.cfm?exhid=33714
Maxx Marketing Limited - YuMe Toys,https://tfny2023.mapyourshow.com/8_0/exhibitor/exhibitor-details.cfm?exhid=152716
"Mayday Games, Inc.",https://tfny2023.mapyourshow.com/8_0/exhibitor/exhibitor-details.cfm?exhid=92646
McFarlane Toys,https://tfny2023.mapyourshow.com/8_0/exhibitor/exhibitor-details.cfm?exhid=26159
Meemzy Magic,https://tfny2023.mapyourshow.com/8_0/exhibitor/exhibitor-details.cfm?exhid=361639
Mego Corporation,https://tfny2023.mapyourshow.com/8_0/exhibitor/exhibitor-details.cfm?exhid=211250
"Melissa & Doug, LLC",https://tfny2023.mapyourshow.com/8_0/exhibitor/exhibitor-details.cfm?exhid=34026
Melon Rind,https://tfny2023.mapyourshow.com/8_0/exhibitor/exhibitor-details.cfm?exhid=129111
Member Hospitality Lounge,https://tfny2023.mapyourshow.com/8_0/exhibitor/exhibitor-details.cfm?exhid=1
Merchant Ambassador (Holdings) Ltd.,https://tfny2023.mapyourshow.com/8_0/exhibitor/exhibitor-details.cfm?exhid=50128
Merk Games Inc.,https://tfny2023.mapyourshow.com/8_0/exhibitor/exhibitor-details.cfm?exhid=359299
MERRY MARBLE TREES,https://tfny2023.mapyourshow.com/8_0/exhibitor/exhibitor-details.cfm?exhid=341583
MERRYMAKERS INC.,https://tfny2023.mapyourshow.com/8_0/exhibitor/exhibitor-details.cfm?exhid=26515
Metal Time Inc.,https://tfny2023.mapyourshow.com/8_0/exhibitor/exhibitor-details.cfm?exhid=299379
"Mi Arte Productions, LLC",https://tfny2023.mapyourshow.com/8_0/exhibitor/exhibitor-details.cfm?exhid=357944
"Micador International Pty., Ltd.",https://tfny2023.mapyourshow.com/8_0/exhibitor/exhibitor-details.cfm?exhid=94638
Micro Kickboard,https://tfny2023.mapyourshow.com/8_0/exhibitor/exhibitor-details.cfm?exhid=61973
MIKO,https://tfny2023.mapyourshow.com/8_0/exhibitor/exhibitor-details.cfm?exhid=307203
Mindscope Products,https://tfny2023.mapyourshow.com/8_0/exhibitor/exhibitor-details.cfm?exhid=26879
Mirada Creatives,https://tfny2023.mapyourshow.com/8_0/exhibitor/exhibitor-details.cfm?exhid=360211
MJ Holding / Grin Studios,https://tfny2023.mapyourshow.com/8_0/exhibitor/exhibitor-details.cfm?exhid=196973
Mobi,https://tfny2023.mapyourshow.com/8_0/exhibitor/exhibitor-details.cfm?exhid=95038
Mollybee Kids,https://tfny2023.mapyourshow.com/8_0/exhibitor/exhibitor-details.cfm?exhid=299272
"Monogram International, Inc.",https://tfny2023.mapyourshow.com/8_0/exhibitor/exhibitor-details.cfm?exhid=11231
MONOGRAM PRODUCTS ( HK ) LTD.,https://tfny2023.mapyourshow.com/8_0/exhibitor/exhibitor-details.cfm?exhid=361751
Montessori Mama,https://tfny2023.mapyourshow.com/8_0/exhibitor/exhibitor-details.cfm?exhid=361329
Moon Pals,https://tfny2023.mapyourshow.com/8_0/exhibitor/exhibitor-details.cfm?exhid=368235
Moonlite,https://tfny2023.mapyourshow.com/8_0/exhibitor/exhibitor-details.cfm?exhid=64741
"Moose Toys, LLC",https://tfny2023.mapyourshow.com/8_0/exhibitor/exhibitor-details.cfm?exhid=52842
Moover Toys,https://tfny2023.mapyourshow.com/8_0/exhibitor/exhibitor-details.cfm?exhid=147746
Motorcity Classics,https://tfny2023.mapyourshow.com/8_0/exhibitor/exhibitor-details.cfm?exhid=29861
MS TEDDY BEAR INC,https://tfny2023.mapyourshow.com/8_0/exhibitor/exhibitor-details.cfm?exhid=365077
Mud Puddle Inc.,https://tfny2023.mapyourshow.com/8_0/exhibitor/exhibitor-details.cfm?exhid=343010
Mukikim LLC,https://tfny2023.mapyourshow.com/8_0/exhibitor/exhibitor-details.cfm?exhid=92972
MuÃ±ecas Antonio Juan S.L.,https://tfny2023.mapyourshow.com/8_0/exhibitor/exhibitor-details.cfm?exhid=305950
MW Wholesale,https://tfny2023.mapyourshow.com/8_0/exhibitor/exhibitor-details.cfm?exhid=39626
My Arcade/dreamGEAR,https://tfny2023.mapyourshow.com/8_0/exhibitor/exhibitor-details.cfm?exhid=39277
My Creative Box,https://tfny2023.mapyourshow.com/8_0/exhibitor/exhibitor-details.cfm?exhid=361523
My Friend Toys,https://tfny2023.mapyourshow.com/8_0/exhibitor/exhibitor-details.cfm?exhid=369753
My Gnome on the Roam,https://tfny2023.mapyourshow.com/8_0/exhibitor/exhibitor-details.cfm?exhid=270582
My Mama Says,https://tfny2023.mapyourshow.com/8_0/exhibitor/exhibitor-details.cfm?exhid=359637
MY SALAH MAT - INTERACTIVE PRAYER MAT,https://tfny2023.mapyourshow.com/8_0/exhibitor/exhibitor-details.cfm?exhid=359409
Mythological Taxidermy,https://tfny2023.mapyourshow.com/8_0/exhibitor/exhibitor-details.cfm?exhid=362275
N.J. Croce Company - Two Skies,https://tfny2023.mapyourshow.com/8_0/exhibitor/exhibitor-details.cfm?exhid=36713
Nanjing Lucky Arc Int'l Trading Co. Ltd.,https://tfny2023.mapyourshow.com/8_0/exhibitor/exhibitor-details.cfm?exhid=154035
National Bobblehead HOF and Museum,https://tfny2023.mapyourshow.com/8_0/exhibitor/exhibitor-details.cfm?exhid=362672
National Sporting Goods,https://tfny2023.mapyourshow.com/8_0/exhibitor/exhibitor-details.cfm?exhid=45570
NATTOU,https://tfny2023.mapyourshow.com/8_0/exhibitor/exhibitor-details.cfm?exhid=362254
Natura Toys,https://tfny2023.mapyourshow.com/8_0/exhibitor/exhibitor-details.cfm?exhid=361700
"Nature Planet, Inc.",https://tfny2023.mapyourshow.com/8_0/exhibitor/exhibitor-details.cfm?exhid=11352
NECA,https://tfny2023.mapyourshow.com/8_0/exhibitor/exhibitor-details.cfm?exhid=46470
Nemesis Now,https://tfny2023.mapyourshow.com/8_0/exhibitor/exhibitor-details.cfm?exhid=360443
NEW BRIGHT,https://tfny2023.mapyourshow.com/8_0/exhibitor/exhibitor-details.cfm?exhid=25842
NEW ZEALAND MINT,https://tfny2023.mapyourshow.com/8_0/exhibitor/exhibitor-details.cfm?exhid=195511
New-Ray Toys (California) Inc.,https://tfny2023.mapyourshow.com/8_0/exhibitor/exhibitor-details.cfm?exhid=31649
NICI GmbH,https://tfny2023.mapyourshow.com/8_0/exhibitor/exhibitor-details.cfm?exhid=62019
Nikko Toys,https://tfny2023.mapyourshow.com/8_0/exhibitor/exhibitor-details.cfm?exhid=357893
NINES ARTESANALS DÂ´ONIL SL.,https://tfny2023.mapyourshow.com/8_0/exhibitor/exhibitor-details.cfm?exhid=27237
Ningbo Dac Arts & Crafts Company,https://tfny2023.mapyourshow.com/8_0/exhibitor/exhibitor-details.cfm?exhid=93417
"Ningbo Guanyi International Trade Co., Ltd.",https://tfny2023.mapyourshow.com/8_0/exhibitor/exhibitor-details.cfm?exhid=205974
"Ningbo Hounuo Plastic Co., Ltd.",https://tfny2023.mapyourshow.com/8_0/exhibitor/exhibitor-details.cfm?exhid=360133
"Ningbo Mideer Network Technology Co., Ltd.",https://tfny2023.mapyourshow.com/8_0/exhibitor/exhibitor-details.cfm?exhid=360807
"Ningbo Sew-star Int'l Trading Co., ltd",https://tfny2023.mapyourshow.com/8_0/exhibitor/exhibitor-details.cfm?exhid=360248
"NKOK, Inc.",https://tfny2023.mapyourshow.com/8_0/exhibitor/exhibitor-details.cfm?exhid=36185
Norse Foundry,https://tfny2023.mapyourshow.com/8_0/exhibitor/exhibitor-details.cfm?exhid=299890
Nova Child,https://tfny2023.mapyourshow.com/8_0/exhibitor/exhibitor-details.cfm?exhid=378841
Novelty Gift Co.,https://tfny2023.mapyourshow.com/8_0/exhibitor/exhibitor-details.cfm?exhid=61310
Nug + Tater,https://tfny2023.mapyourshow.com/8_0/exhibitor/exhibitor-details.cfm?exhid=357750
Numskull Designs,https://tfny2023.mapyourshow.com/8_0/exhibitor/exhibitor-details.cfm?exhid=270892
Odd Sox/Cool Socks,https://tfny2023.mapyourshow.com/8_0/exhibitor/exhibitor-details.cfm?exhid=300249
Odyssey Toys,https://tfny2023.mapyourshow.com/8_0/exhibitor/exhibitor-details.cfm?exhid=49985
OG Slimes,https://tfny2023.mapyourshow.com/8_0/exhibitor/exhibitor-details.cfm?exhid=361513
OKTO,https://tfny2023.mapyourshow.com/8_0/exhibitor/exhibitor-details.cfm?exhid=361519
"OLLYBALL / VICTURY SPORTS, LLC",https://tfny2023.mapyourshow.com/8_0/exhibitor/exhibitor-details.cfm?exhid=212627
Onanoff,https://tfny2023.mapyourshow.com/8_0/exhibitor/exhibitor-details.cfm?exhid=311959
One For Fun Ltd,https://tfny2023.mapyourshow.com/8_0/exhibitor/exhibitor-details.cfm?exhid=196161
One Planet Games,https://tfny2023.mapyourshow.com/8_0/exhibitor/exhibitor-details.cfm?exhid=300773
Ookkie Skateboards,https://tfny2023.mapyourshow.com/8_0/exhibitor/exhibitor-details.cfm?exhid=360759
OOLY,https://tfny2023.mapyourshow.com/8_0/exhibitor/exhibitor-details.cfm?exhid=61278
Open The Joy Inc.,https://tfny2023.mapyourshow.com/8_0/exhibitor/exhibitor-details.cfm?exhid=232863
Orangeonions,https://tfny2023.mapyourshow.com/8_0/exhibitor/exhibitor-details.cfm?exhid=155715
ORB,https://tfny2023.mapyourshow.com/8_0/exhibitor/exhibitor-details.cfm?exhid=26816
ORBRIUM,https://tfny2023.mapyourshow.com/8_0/exhibitor/exhibitor-details.cfm?exhid=361193
Orchid Bloom,https://tfny2023.mapyourshow.com/8_0/exhibitor/exhibitor-details.cfm?exhid=360053
Original Stationery & Girlzone,https://tfny2023.mapyourshow.com/8_0/exhibitor/exhibitor-details.cfm?exhid=362534
Orijin Bees,https://tfny2023.mapyourshow.com/8_0/exhibitor/exhibitor-details.cfm?exhid=229953
Osmo,https://tfny2023.mapyourshow.com/8_0/exhibitor/exhibitor-details.cfm?exhid=92311
Otaku Lamps,https://tfny2023.mapyourshow.com/8_0/exhibitor/exhibitor-details.cfm?exhid=359877
OTIS Student Gallery,https://tfny2023.mapyourshow.com/8_0/exhibitor/exhibitor-details.cfm?exhid=38145
OWI Inc.,https://tfny2023.mapyourshow.com/8_0/exhibitor/exhibitor-details.cfm?exhid=25425
Paladone Products Ltd.,https://tfny2023.mapyourshow.com/8_0/exhibitor/exhibitor-details.cfm?exhid=60027
PANDO,https://tfny2023.mapyourshow.com/8_0/exhibitor/exhibitor-details.cfm?exhid=231618
PAOLA REINA,https://tfny2023.mapyourshow.com/8_0/exhibitor/exhibitor-details.cfm?exhid=357913
Paradise Kids LLC,https://tfny2023.mapyourshow.com/8_0/exhibitor/exhibitor-details.cfm?exhid=50628
"Parkho, Inc.",https://tfny2023.mapyourshow.com/8_0/exhibitor/exhibitor-details.cfm?exhid=360614
Parris Manufacturing Company,https://tfny2023.mapyourshow.com/8_0/exhibitor/exhibitor-details.cfm?exhid=10134
"Party Animal, Inc.",https://tfny2023.mapyourshow.com/8_0/exhibitor/exhibitor-details.cfm?exhid=45638
Party Factory,https://tfny2023.mapyourshow.com/8_0/exhibitor/exhibitor-details.cfm?exhid=305953
Peachybbies Slime LLC,https://tfny2023.mapyourshow.com/8_0/exhibitor/exhibitor-details.cfm?exhid=359884
Pegasus,https://tfny2023.mapyourshow.com/8_0/exhibitor/exhibitor-details.cfm?exhid=28086
Pelicansnout Design Inc.,https://tfny2023.mapyourshow.com/8_0/exhibitor/exhibitor-details.cfm?exhid=372762
Pepperell Crafts,https://tfny2023.mapyourshow.com/8_0/exhibitor/exhibitor-details.cfm?exhid=25406
"Perisphere & Trylon, Inc.",https://tfny2023.mapyourshow.com/8_0/exhibitor/exhibitor-details.cfm?exhid=62549
"Peter Pauper Press, Inc.",https://tfny2023.mapyourshow.com/8_0/exhibitor/exhibitor-details.cfm?exhid=38140
Petite 'n Pretty,https://tfny2023.mapyourshow.com/8_0/exhibitor/exhibitor-details.cfm?exhid=361408
PhatMojo,https://tfny2023.mapyourshow.com/8_0/exhibitor/exhibitor-details.cfm?exhid=129819
Picasso Tiles,https://tfny2023.mapyourshow.com/8_0/exhibitor/exhibitor-details.cfm?exhid=130514
Piccoli Horses,https://tfny2023.mapyourshow.com/8_0/exhibitor/exhibitor-details.cfm?exhid=229985
Piggy Paint,https://tfny2023.mapyourshow.com/8_0/exhibitor/exhibitor-details.cfm?exhid=63558
PIPSTICKS,https://tfny2023.mapyourshow.com/8_0/exhibitor/exhibitor-details.cfm?exhid=361670
Pitching Pal,https://tfny2023.mapyourshow.com/8_0/exhibitor/exhibitor-details.cfm?exhid=360998
Pix Brix LLC,https://tfny2023.mapyourshow.com/8_0/exhibitor/exhibitor-details.cfm?exhid=153244
PJM Distribution,https://tfny2023.mapyourshow.com/8_0/exhibitor/exhibitor-details.cfm?exhid=299001
Planet Buddies,https://tfny2023.mapyourshow.com/8_0/exhibitor/exhibitor-details.cfm?exhid=360596
"PlanToys, Inc.",https://tfny2023.mapyourshow.com/8_0/exhibitor/exhibitor-details.cfm?exhid=52928
Play Craft Traders,https://tfny2023.mapyourshow.com/8_0/exhibitor/exhibitor-details.cfm?exhid=362445
Play Maysie: A Portable World of Playâ„¢,https://tfny2023.mapyourshow.com/8_0/exhibitor/exhibitor-details.cfm?exhid=299406
Play Visions,https://tfny2023.mapyourshow.com/8_0/exhibitor/exhibitor-details.cfm?exhid=25036
Playfun USA LLC,https://tfny2023.mapyourshow.com/8_0/exhibitor/exhibitor-details.cfm?exhid=196911
"Playing Unlimited, Inc.",https://tfny2023.mapyourshow.com/8_0/exhibitor/exhibitor-details.cfm?exhid=90149
"Playmates Toys, Inc.",https://tfny2023.mapyourshow.com/8_0/exhibitor/exhibitor-details.cfm?exhid=10137
Playmind Ltd.,https://tfny2023.mapyourshow.com/8_0/exhibitor/exhibitor-details.cfm?exhid=53309
PLAYMOBIL U.S.A. Inc.,https://tfny2023.mapyourshow.com/8_0/exhibitor/exhibitor-details.cfm?exhid=10138
PlayShifu,https://tfny2023.mapyourshow.com/8_0/exhibitor/exhibitor-details.cfm?exhid=153858
PlaySTEAM USA,https://tfny2023.mapyourshow.com/8_0/exhibitor/exhibitor-details.cfm?exhid=232781
Playview Brands,https://tfny2023.mapyourshow.com/8_0/exhibitor/exhibitor-details.cfm?exhid=53874
Plunderlings,https://tfny2023.mapyourshow.com/8_0/exhibitor/exhibitor-details.cfm?exhid=268581
Plush Toy Factory Kolor-Plusz,https://tfny2023.mapyourshow.com/8_0/exhibitor/exhibitor-details.cfm?exhid=303493
Plush-A-Toy,https://tfny2023.mapyourshow.com/8_0/exhibitor/exhibitor-details.cfm?exhid=362486
PMI Trading & Enterprise,https://tfny2023.mapyourshow.com/8_0/exhibitor/exhibitor-details.cfm?exhid=233597
PNSO,https://tfny2023.mapyourshow.com/8_0/exhibitor/exhibitor-details.cfm?exhid=300484
Pocket Disc/Buena Onda,https://tfny2023.mapyourshow.com/8_0/exhibitor/exhibitor-details.cfm?exhid=60671
PonyCycle,https://tfny2023.mapyourshow.com/8_0/exhibitor/exhibitor-details.cfm?exhid=95005
PoolCandy - Division of B&D Group,https://tfny2023.mapyourshow.com/8_0/exhibitor/exhibitor-details.cfm?exhid=96504
Pop Factory/TODDART,https://tfny2023.mapyourshow.com/8_0/exhibitor/exhibitor-details.cfm?exhid=92575
PopHaus Collective,https://tfny2023.mapyourshow.com/8_0/exhibitor/exhibitor-details.cfm?exhid=360826
Popular Playthings,https://tfny2023.mapyourshow.com/8_0/exhibitor/exhibitor-details.cfm?exhid=27908
Power House Toys/The Zoofy Group,https://tfny2023.mapyourshow.com/8_0/exhibitor/exhibitor-details.cfm?exhid=64384
POWERUP,https://tfny2023.mapyourshow.com/8_0/exhibitor/exhibitor-details.cfm?exhid=91162
"Precious Moments Company, Inc.",https://tfny2023.mapyourshow.com/8_0/exhibitor/exhibitor-details.cfm?exhid=231673
Premium DNA Toys,https://tfny2023.mapyourshow.com/8_0/exhibitor/exhibitor-details.cfm?exhid=361402
Preschool Prep Company,https://tfny2023.mapyourshow.com/8_0/exhibitor/exhibitor-details.cfm?exhid=51678
Press Center,https://tfny2023.mapyourshow.com/8_0/exhibitor/exhibitor-details.cfm?exhid=2
Primary Colors Design Corp,https://tfny2023.mapyourshow.com/8_0/exhibitor/exhibitor-details.cfm?exhid=93355
Prime 3D Ltd. / Primemotion Inc.,https://tfny2023.mapyourshow.com/8_0/exhibitor/exhibitor-details.cfm?exhid=359673
"Prime Time Toys, LLC",https://tfny2023.mapyourshow.com/8_0/exhibitor/exhibitor-details.cfm?exhid=11086
"Professor Puzzle USA, Inc.",https://tfny2023.mapyourshow.com/8_0/exhibitor/exhibitor-details.cfm?exhid=128465
"Project Genius, Inc.",https://tfny2023.mapyourshow.com/8_0/exhibitor/exhibitor-details.cfm?exhid=62278
PSI Publisher Services Inc.,https://tfny2023.mapyourshow.com/8_0/exhibitor/exhibitor-details.cfm?exhid=53521
Puka Creations,https://tfny2023.mapyourshow.com/8_0/exhibitor/exhibitor-details.cfm?exhid=93277
Purple Cow,https://tfny2023.mapyourshow.com/8_0/exhibitor/exhibitor-details.cfm?exhid=90720
PURPLE LADYBUGÂ®,https://tfny2023.mapyourshow.com/8_0/exhibitor/exhibitor-details.cfm?exhid=300172
Puzzle Face,https://tfny2023.mapyourshow.com/8_0/exhibitor/exhibitor-details.cfm?exhid=362759
Pyramid America,https://tfny2023.mapyourshow.com/8_0/exhibitor/exhibitor-details.cfm?exhid=65329
"Qingdao Pafic Hardware Co., Ltd.",https://tfny2023.mapyourshow.com/8_0/exhibitor/exhibitor-details.cfm?exhid=359590
QToys USA,https://tfny2023.mapyourshow.com/8_0/exhibitor/exhibitor-details.cfm?exhid=360056
Quercetti US,https://tfny2023.mapyourshow.com/8_0/exhibitor/exhibitor-details.cfm?exhid=233506
QUIZOPARTYÂ®,https://tfny2023.mapyourshow.com/8_0/exhibitor/exhibitor-details.cfm?exhid=373910
"R & R Games, Inc.",https://tfny2023.mapyourshow.com/8_0/exhibitor/exhibitor-details.cfm?exhid=45096
Rainbow Loom,https://tfny2023.mapyourshow.com/8_0/exhibitor/exhibitor-details.cfm?exhid=91213
Rainbow Quest!,https://tfny2023.mapyourshow.com/8_0/exhibitor/exhibitor-details.cfm?exhid=359585
"RandomLine, Inc.",https://tfny2023.mapyourshow.com/8_0/exhibitor/exhibitor-details.cfm?exhid=38934
Rasta Imposta,https://tfny2023.mapyourshow.com/8_0/exhibitor/exhibitor-details.cfm?exhid=33270
Ravensburger,https://tfny2023.mapyourshow.com/8_0/exhibitor/exhibitor-details.cfm?exhid=10229
"Raymond Geddes & Co, Inc",https://tfny2023.mapyourshow.com/8_0/exhibitor/exhibitor-details.cfm?exhid=270912
Razor USA LLC,https://tfny2023.mapyourshow.com/8_0/exhibitor/exhibitor-details.cfm?exhid=44497
"RBI Toys, Inc.",https://tfny2023.mapyourshow.com/8_0/exhibitor/exhibitor-details.cfm?exhid=37841
Really Fun Games,https://tfny2023.mapyourshow.com/8_0/exhibitor/exhibitor-details.cfm?exhid=344298
Red Tool Box Ltd.,https://tfny2023.mapyourshow.com/8_0/exhibitor/exhibitor-details.cfm?exhid=78669
Reds Impex,https://tfny2023.mapyourshow.com/8_0/exhibitor/exhibitor-details.cfm?exhid=362440
Relevant Play,https://tfny2023.mapyourshow.com/8_0/exhibitor/exhibitor-details.cfm?exhid=46514
Replogle Globes,https://tfny2023.mapyourshow.com/8_0/exhibitor/exhibitor-details.cfm?exhid=25051
Rescue Plushies,https://tfny2023.mapyourshow.com/8_0/exhibitor/exhibitor-details.cfm?exhid=361275
Rhode Island Novelty,https://tfny2023.mapyourshow.com/8_0/exhibitor/exhibitor-details.cfm?exhid=46829
Roba Baumann GmbH,https://tfny2023.mapyourshow.com/8_0/exhibitor/exhibitor-details.cfm?exhid=361295
Robosen,https://tfny2023.mapyourshow.com/8_0/exhibitor/exhibitor-details.cfm?exhid=232726
ROBOTIME LLC,https://tfny2023.mapyourshow.com/8_0/exhibitor/exhibitor-details.cfm?exhid=90998
Role Play Kids LLC,https://tfny2023.mapyourshow.com/8_0/exhibitor/exhibitor-details.cfm?exhid=271496
Rolling Seeds Inc.,https://tfny2023.mapyourshow.com/8_0/exhibitor/exhibitor-details.cfm?exhid=299837
ROLOSO TOYS,https://tfny2023.mapyourshow.com/8_0/exhibitor/exhibitor-details.cfm?exhid=351840
Roma Prams Limited,https://tfny2023.mapyourshow.com/8_0/exhibitor/exhibitor-details.cfm?exhid=361369
Rose Textiles,https://tfny2023.mapyourshow.com/8_0/exhibitor/exhibitor-details.cfm?exhid=361240
Roshambo Eyewear,https://tfny2023.mapyourshow.com/8_0/exhibitor/exhibitor-details.cfm?exhid=154748
Royal Bobbles,https://tfny2023.mapyourshow.com/8_0/exhibitor/exhibitor-details.cfm?exhid=83879
Royal Brush Mfg. Inc.,https://tfny2023.mapyourshow.com/8_0/exhibitor/exhibitor-details.cfm?exhid=44310
"Roylco, Inc.",https://tfny2023.mapyourshow.com/8_0/exhibitor/exhibitor-details.cfm?exhid=10147
"RT Trading Co., Ltd.",https://tfny2023.mapyourshow.com/8_0/exhibitor/exhibitor-details.cfm?exhid=360805
"Rubies II, LLC",https://tfny2023.mapyourshow.com/8_0/exhibitor/exhibitor-details.cfm?exhid=11155
Safari Ltd.,https://tfny2023.mapyourshow.com/8_0/exhibitor/exhibitor-details.cfm?exhid=10151
Salesone LLC,https://tfny2023.mapyourshow.com/8_0/exhibitor/exhibitor-details.cfm?exhid=212126
Salus Brands LLC,https://tfny2023.mapyourshow.com/8_0/exhibitor/exhibitor-details.cfm?exhid=126312
Santaâ€™s Scout,https://tfny2023.mapyourshow.com/8_0/exhibitor/exhibitor-details.cfm?exhid=270455
"Santoki, LLC",https://tfny2023.mapyourshow.com/8_0/exhibitor/exhibitor-details.cfm?exhid=91658
Sassy Baby Inc.,https://tfny2023.mapyourshow.com/8_0/exhibitor/exhibitor-details.cfm?exhid=300467
Sbabam S.R.L.,https://tfny2023.mapyourshow.com/8_0/exhibitor/exhibitor-details.cfm?exhid=197105
Scentco Inc.,https://tfny2023.mapyourshow.com/8_0/exhibitor/exhibitor-details.cfm?exhid=91834
SCHLEICH North America Inc.,https://tfny2023.mapyourshow.com/8_0/exhibitor/exhibitor-details.cfm?exhid=40726
School Zone Publishing,https://tfny2023.mapyourshow.com/8_0/exhibitor/exhibitor-details.cfm?exhid=25596
SCIENCE4YOU S.A.,https://tfny2023.mapyourshow.com/8_0/exhibitor/exhibitor-details.cfm?exhid=91927
ScienceWiz,https://tfny2023.mapyourshow.com/8_0/exhibitor/exhibitor-details.cfm?exhid=48525
Scoot & Ride Vertriebs GMBH,https://tfny2023.mapyourshow.com/8_0/exhibitor/exhibitor-details.cfm?exhid=233678
"SD Toyz / Skullduggery, Inc.",https://tfny2023.mapyourshow.com/8_0/exhibitor/exhibitor-details.cfm?exhid=28143
Seven Towns Ltd.,https://tfny2023.mapyourshow.com/8_0/exhibitor/exhibitor-details.cfm?exhid=25773
"Shanghai Mogo International Trading Co., LTD.",https://tfny2023.mapyourshow.com/8_0/exhibitor/exhibitor-details.cfm?exhid=359247
"Shanghai Xiangong Information Technology Co., Ltd. (Plzdot Studio)",https://tfny2023.mapyourshow.com/8_0/exhibitor/exhibitor-details.cfm?exhid=360820
"Shanghai Zhenbao Industrial Co., Ltd.",https://tfny2023.mapyourshow.com/8_0/exhibitor/exhibitor-details.cfm?exhid=360814
"Shangrao ActEarlier Co., Ltd.",https://tfny2023.mapyourshow.com/8_0/exhibitor/exhibitor-details.cfm?exhid=231626
"Shantou Baihui Toys Co., Ltd.",https://tfny2023.mapyourshow.com/8_0/exhibitor/exhibitor-details.cfm?exhid=300793
"Shantou MZ Model Co., Ltd.",https://tfny2023.mapyourshow.com/8_0/exhibitor/exhibitor-details.cfm?exhid=126411
Shantou Xiaorenguo Toys Co Ltd,https://tfny2023.mapyourshow.com/8_0/exhibitor/exhibitor-details.cfm?exhid=360130
SHARK DESIGN INC.,https://tfny2023.mapyourshow.com/8_0/exhibitor/exhibitor-details.cfm?exhid=362433
"Shenzhen Magplus Technology Co., Ltd.",https://tfny2023.mapyourshow.com/8_0/exhibitor/exhibitor-details.cfm?exhid=360799
Shenzhen Tianjian,https://tfny2023.mapyourshow.com/8_0/exhibitor/exhibitor-details.cfm?exhid=360091
Shire Post Mint,https://tfny2023.mapyourshow.com/8_0/exhibitor/exhibitor-details.cfm?exhid=95158
Showaflops,https://tfny2023.mapyourshow.com/8_0/exhibitor/exhibitor-details.cfm?exhid=126786
Sinco Creations,https://tfny2023.mapyourshow.com/8_0/exhibitor/exhibitor-details.cfm?exhid=233500
Skillmatics,https://tfny2023.mapyourshow.com/8_0/exhibitor/exhibitor-details.cfm?exhid=195621
Sky Castle Toys,https://tfny2023.mapyourshow.com/8_0/exhibitor/exhibitor-details.cfm?exhid=299366
Skyrocket Toys,https://tfny2023.mapyourshow.com/8_0/exhibitor/exhibitor-details.cfm?exhid=65024
Small World Toys,https://tfny2023.mapyourshow.com/8_0/exhibitor/exhibitor-details.cfm?exhid=32225
Smart Toys and Games Inc,https://tfny2023.mapyourshow.com/8_0/exhibitor/exhibitor-details.cfm?exhid=42778
Smart Zone (HK) Limited,https://tfny2023.mapyourshow.com/8_0/exhibitor/exhibitor-details.cfm?exhid=90217
Smartivity,https://tfny2023.mapyourshow.com/8_0/exhibitor/exhibitor-details.cfm?exhid=361745
SmarTrike USA,https://tfny2023.mapyourshow.com/8_0/exhibitor/exhibitor-details.cfm?exhid=129213
Smartworks Consumer Products,https://tfny2023.mapyourshow.com/8_0/exhibitor/exhibitor-details.cfm?exhid=129040
Snapo Toys,https://tfny2023.mapyourshow.com/8_0/exhibitor/exhibitor-details.cfm?exhid=194934
Snorble Inc.,https://tfny2023.mapyourshow.com/8_0/exhibitor/exhibitor-details.cfm?exhid=343004
"Soft Stuff Creations, Inc.",https://tfny2023.mapyourshow.com/8_0/exhibitor/exhibitor-details.cfm?exhid=91591
Solobo Toys,https://tfny2023.mapyourshow.com/8_0/exhibitor/exhibitor-details.cfm?exhid=361499
Sophie La Girafe,https://tfny2023.mapyourshow.com/8_0/exhibitor/exhibitor-details.cfm?exhid=362041
South Beach Bubbles,https://tfny2023.mapyourshow.com/8_0/exhibitor/exhibitor-details.cfm?exhid=194705
SPAIN MIRO LTD,https://tfny2023.mapyourshow.com/8_0/exhibitor/exhibitor-details.cfm?exhid=196352
Spark Innovation LLC,https://tfny2023.mapyourshow.com/8_0/exhibitor/exhibitor-details.cfm?exhid=299906
Speedy Monkey LLC,https://tfny2023.mapyourshow.com/8_0/exhibitor/exhibitor-details.cfm?exhid=360672
Speks,https://tfny2023.mapyourshow.com/8_0/exhibitor/exhibitor-details.cfm?exhid=194456
Spell Chocolates LLC.,https://tfny2023.mapyourshow.com/8_0/exhibitor/exhibitor-details.cfm?exhid=155427
Spikeball Inc.,https://tfny2023.mapyourshow.com/8_0/exhibitor/exhibitor-details.cfm?exhid=126672
Spin Copter,https://tfny2023.mapyourshow.com/8_0/exhibitor/exhibitor-details.cfm?exhid=232497
Spin Master Inc.,https://tfny2023.mapyourshow.com/8_0/exhibitor/exhibitor-details.cfm?exhid=35429
Spoon Inc.,https://tfny2023.mapyourshow.com/8_0/exhibitor/exhibitor-details.cfm?exhid=359986
SprawlyWalls - by Bopt,https://tfny2023.mapyourshow.com/8_0/exhibitor/exhibitor-details.cfm?exhid=379106
Springbok Puzzles - Allied Products,https://tfny2023.mapyourshow.com/8_0/exhibitor/exhibitor-details.cfm?exhid=59503
"Square Enix, Inc.",https://tfny2023.mapyourshow.com/8_0/exhibitor/exhibitor-details.cfm?exhid=52375
Squaregles,https://tfny2023.mapyourshow.com/8_0/exhibitor/exhibitor-details.cfm?exhid=343130
Squire Boone Village,https://tfny2023.mapyourshow.com/8_0/exhibitor/exhibitor-details.cfm?exhid=11221
Squishable,https://tfny2023.mapyourshow.com/8_0/exhibitor/exhibitor-details.cfm?exhid=63313
Sri Toys,https://tfny2023.mapyourshow.com/8_0/exhibitor/exhibitor-details.cfm?exhid=39989
SRM Entertainment,https://tfny2023.mapyourshow.com/8_0/exhibitor/exhibitor-details.cfm?exhid=10150
Stapelstein Corp.,https://tfny2023.mapyourshow.com/8_0/exhibitor/exhibitor-details.cfm?exhid=361909
Starlux Games,https://tfny2023.mapyourshow.com/8_0/exhibitor/exhibitor-details.cfm?exhid=197003
STARPONY (HK) LIMITED,https://tfny2023.mapyourshow.com/8_0/exhibitor/exhibitor-details.cfm?exhid=343928
Starry Castle Canada,https://tfny2023.mapyourshow.com/8_0/exhibitor/exhibitor-details.cfm?exhid=155584
Stat Trackers,https://tfny2023.mapyourshow.com/8_0/exhibitor/exhibitor-details.cfm?exhid=359695
STC,https://tfny2023.mapyourshow.com/8_0/exhibitor/exhibitor-details.cfm?exhid=51374
"Steiff North America, Inc.",https://tfny2023.mapyourshow.com/8_0/exhibitor/exhibitor-details.cfm?exhid=10160
"Stephen Joseph, Inc.",https://tfny2023.mapyourshow.com/8_0/exhibitor/exhibitor-details.cfm?exhid=52306
Stepping Stones,https://tfny2023.mapyourshow.com/8_0/exhibitor/exhibitor-details.cfm?exhid=361147
CHILDREN'S ACCESSORIES,https://tfny2023.mapyourshow.com/8_0/exhibitor/exhibitor-details.cfm?exhid=361147
Stern Pinball,https://tfny2023.mapyourshow.com/8_0/exhibitor/exhibitor-details.cfm?exhid=197138
Storyastic,https://tfny2023.mapyourshow.com/8_0/exhibitor/exhibitor-details.cfm?exhid=268986
Storybutton,https://tfny2023.mapyourshow.com/8_0/exhibitor/exhibitor-details.cfm?exhid=360779
Storypod,https://tfny2023.mapyourshow.com/8_0/exhibitor/exhibitor-details.cfm?exhid=360719
Streamline Inc.,https://tfny2023.mapyourshow.com/8_0/exhibitor/exhibitor-details.cfm?exhid=30236
Strider Bikes,https://tfny2023.mapyourshow.com/8_0/exhibitor/exhibitor-details.cfm?exhid=361159
Striders Impex Private Limited,https://tfny2023.mapyourshow.com/8_0/exhibitor/exhibitor-details.cfm?exhid=361652
Studiostone Creative,https://tfny2023.mapyourshow.com/8_0/exhibitor/exhibitor-details.cfm?exhid=195623
Stuffed Ruggies,https://tfny2023.mapyourshow.com/8_0/exhibitor/exhibitor-details.cfm?exhid=362227
Sun-Staches,https://tfny2023.mapyourshow.com/8_0/exhibitor/exhibitor-details.cfm?exhid=90509
Suncoat Products Inc.,https://tfny2023.mapyourshow.com/8_0/exhibitor/exhibitor-details.cfm?exhid=95226
"Sunny Days Entertainment, LLC",https://tfny2023.mapyourshow.com/8_0/exhibitor/exhibitor-details.cfm?exhid=93256
Super Impulse USA,https://tfny2023.mapyourshow.com/8_0/exhibitor/exhibitor-details.cfm?exhid=92158
Super7,https://tfny2023.mapyourshow.com/8_0/exhibitor/exhibitor-details.cfm?exhid=129892
Supermach,https://tfny2023.mapyourshow.com/8_0/exhibitor/exhibitor-details.cfm?exhid=308209
Surfer Dudes (TOYosity LLC),https://tfny2023.mapyourshow.com/8_0/exhibitor/exhibitor-details.cfm?exhid=191553
Surreal Entertainment,https://tfny2023.mapyourshow.com/8_0/exhibitor/exhibitor-details.cfm?exhid=92187
"Suzhou Qujia Technology Co., LTD",https://tfny2023.mapyourshow.com/8_0/exhibitor/exhibitor-details.cfm?exhid=359766
Svan,https://tfny2023.mapyourshow.com/8_0/exhibitor/exhibitor-details.cfm?exhid=91785
Swaptx,https://tfny2023.mapyourshow.com/8_0/exhibitor/exhibitor-details.cfm?exhid=299852
Sweets Kendamas,https://tfny2023.mapyourshow.com/8_0/exhibitor/exhibitor-details.cfm?exhid=93791
Swimline,https://tfny2023.mapyourshow.com/8_0/exhibitor/exhibitor-details.cfm?exhid=49956
T-Zone Health,https://tfny2023.mapyourshow.com/8_0/exhibitor/exhibitor-details.cfm?exhid=360427
Tactic USA,https://tfny2023.mapyourshow.com/8_0/exhibitor/exhibitor-details.cfm?exhid=90966
Talicor Inc./Aristoplay Ltd.,https://tfny2023.mapyourshow.com/8_0/exhibitor/exhibitor-details.cfm?exhid=26539
"Tangle, Inc.",https://tfny2023.mapyourshow.com/8_0/exhibitor/exhibitor-details.cfm?exhid=11337
Tara Toy Corp.,https://tfny2023.mapyourshow.com/8_0/exhibitor/exhibitor-details.cfm?exhid=25952
Tattoo Zoo,https://tfny2023.mapyourshow.com/8_0/exhibitor/exhibitor-details.cfm?exhid=361104
Teacher Created Resources,https://tfny2023.mapyourshow.com/8_0/exhibitor/exhibitor-details.cfm?exhid=26647
Teamson,https://tfny2023.mapyourshow.com/8_0/exhibitor/exhibitor-details.cfm?exhid=35346
TeeTurtle LLC,https://tfny2023.mapyourshow.com/8_0/exhibitor/exhibitor-details.cfm?exhid=154726
Tegu,https://tfny2023.mapyourshow.com/8_0/exhibitor/exhibitor-details.cfm?exhid=65325
TekyGo!,https://tfny2023.mapyourshow.com/8_0/exhibitor/exhibitor-details.cfm?exhid=283339
Ten Square Inc.,https://tfny2023.mapyourshow.com/8_0/exhibitor/exhibitor-details.cfm?exhid=231535
Tender Leaf Toys,https://tfny2023.mapyourshow.com/8_0/exhibitor/exhibitor-details.cfm?exhid=195477
Thames & Kosmos LLC,https://tfny2023.mapyourshow.com/8_0/exhibitor/exhibitor-details.cfm?exhid=45044
"The Doll Factory Europe, S.L.",https://tfny2023.mapyourshow.com/8_0/exhibitor/exhibitor-details.cfm?exhid=32477
The Dr. Lisa Company,https://tfny2023.mapyourshow.com/8_0/exhibitor/exhibitor-details.cfm?exhid=65095
The FHE Group Inc.,https://tfny2023.mapyourshow.com/8_0/exhibitor/exhibitor-details.cfm?exhid=197472
The Good Game Company,https://tfny2023.mapyourshow.com/8_0/exhibitor/exhibitor-details.cfm?exhid=257140
"The Good Toy Group, Inc.",https://tfny2023.mapyourshow.com/8_0/exhibitor/exhibitor-details.cfm?exhid=32211
The Learning Journey International LLC,https://tfny2023.mapyourshow.com/8_0/exhibitor/exhibitor-details.cfm?exhid=33096
The Loyal Subjects,https://tfny2023.mapyourshow.com/8_0/exhibitor/exhibitor-details.cfm?exhid=90936
"The LumiStella Company, home of Elf on the Shelf",https://tfny2023.mapyourshow.com/8_0/exhibitor/exhibitor-details.cfm?exhid=58750
The Michael Kohner Corporation/Longshore Ltd.,https://tfny2023.mapyourshow.com/8_0/exhibitor/exhibitor-details.cfm?exhid=53357
The Mindset Tapestry,https://tfny2023.mapyourshow.com/8_0/exhibitor/exhibitor-details.cfm?exhid=361282
"The Nacelle Company, LLC",https://tfny2023.mapyourshow.com/8_0/exhibitor/exhibitor-details.cfm?exhid=300477
The Noble Collection,https://tfny2023.mapyourshow.com/8_0/exhibitor/exhibitor-details.cfm?exhid=94169
The Op Games,https://tfny2023.mapyourshow.com/8_0/exhibitor/exhibitor-details.cfm?exhid=38403
The Original Toy Company,https://tfny2023.mapyourshow.com/8_0/exhibitor/exhibitor-details.cfm?exhid=11270
The Pencil Grip,https://tfny2023.mapyourshow.com/8_0/exhibitor/exhibitor-details.cfm?exhid=48529
The Petting Zoo,https://tfny2023.mapyourshow.com/8_0/exhibitor/exhibitor-details.cfm?exhid=33208
"The PokÃ©mon Company International, Inc.",https://tfny2023.mapyourshow.com/8_0/exhibitor/exhibitor-details.cfm?exhid=51207
The Puppet Company LLC,https://tfny2023.mapyourshow.com/8_0/exhibitor/exhibitor-details.cfm?exhid=65020
The Simplay3 Company,https://tfny2023.mapyourshow.com/8_0/exhibitor/exhibitor-details.cfm?exhid=140353
The Singing Machine,https://tfny2023.mapyourshow.com/8_0/exhibitor/exhibitor-details.cfm?exhid=129069
The Sports Goods Export Promotion Council,https://tfny2023.mapyourshow.com/8_0/exhibitor/exhibitor-details.cfm?exhid=45922
The Step2 Company,https://tfny2023.mapyourshow.com/8_0/exhibitor/exhibitor-details.cfm?exhid=25488
The Tooth Fairy,https://tfny2023.mapyourshow.com/8_0/exhibitor/exhibitor-details.cfm?exhid=359880
The Toy Association,https://tfny2023.mapyourshow.com/8_0/exhibitor/exhibitor-details.cfm?exhid=27000
The Toy Foundation,https://tfny2023.mapyourshow.com/8_0/exhibitor/exhibitor-details.cfm?exhid=47122
The Toy Network,https://tfny2023.mapyourshow.com/8_0/exhibitor/exhibitor-details.cfm?exhid=31991
Theo Klein (U.S.) Inc.,https://tfny2023.mapyourshow.com/8_0/exhibitor/exhibitor-details.cfm?exhid=229942
"Thin Air Brands, LLC",https://tfny2023.mapyourshow.com/8_0/exhibitor/exhibitor-details.cfm?exhid=94269
ThinkPsych,https://tfny2023.mapyourshow.com/8_0/exhibitor/exhibitor-details.cfm?exhid=358938
threezero,https://tfny2023.mapyourshow.com/8_0/exhibitor/exhibitor-details.cfm?exhid=233270
"Tianjin Lucky Toy Co., Ltd.",https://tfny2023.mapyourshow.com/8_0/exhibitor/exhibitor-details.cfm?exhid=360810
Tinsl,https://tfny2023.mapyourshow.com/8_0/exhibitor/exhibitor-details.cfm?exhid=286566
tokidoki,https://tfny2023.mapyourshow.com/8_0/exhibitor/exhibitor-details.cfm?exhid=79303
TOMY International,https://tfny2023.mapyourshow.com/8_0/exhibitor/exhibitor-details.cfm?exhid=11056
Toony Design LLC,https://tfny2023.mapyourshow.com/8_0/exhibitor/exhibitor-details.cfm?exhid=315917
Top Quest Inc.,https://tfny2023.mapyourshow.com/8_0/exhibitor/exhibitor-details.cfm?exhid=126287
Top Secret Toys,https://tfny2023.mapyourshow.com/8_0/exhibitor/exhibitor-details.cfm?exhid=196945
"Top Trenz, Inc.",https://tfny2023.mapyourshow.com/8_0/exhibitor/exhibitor-details.cfm?exhid=64503
Top Trumps USA Inc.,https://tfny2023.mapyourshow.com/8_0/exhibitor/exhibitor-details.cfm?exhid=90502
TOPI GAMES,https://tfny2023.mapyourshow.com/8_0/exhibitor/exhibitor-details.cfm?exhid=153007
Topla,https://tfny2023.mapyourshow.com/8_0/exhibitor/exhibitor-details.cfm?exhid=196542
"Total Biz Fulfillment, Inc.",https://tfny2023.mapyourshow.com/8_0/exhibitor/exhibitor-details.cfm?exhid=25405
Toy Book / Toy Insider / Pop Insider,https://tfny2023.mapyourshow.com/8_0/exhibitor/exhibitor-details.cfm?exhid=35204
Toy Fair University Theatre,https://tfny2023.mapyourshow.com/8_0/exhibitor/exhibitor-details.cfm?exhid=5
TOY SHOCK LLC,https://tfny2023.mapyourshow.com/8_0/exhibitor/exhibitor-details.cfm?exhid=93457
Toy Target Inc,https://tfny2023.mapyourshow.com/8_0/exhibitor/exhibitor-details.cfm?exhid=130168
Toy Tokyo,https://tfny2023.mapyourshow.com/8_0/exhibitor/exhibitor-details.cfm?exhid=28659
Toy Universe,https://tfny2023.mapyourshow.com/8_0/exhibitor/exhibitor-details.cfm?exhid=231545
"Toy Wonders, Inc.",https://tfny2023.mapyourshow.com/8_0/exhibitor/exhibitor-details.cfm?exhid=28190
ToyLab,https://tfny2023.mapyourshow.com/8_0/exhibitor/exhibitor-details.cfm?exhid=233405
Toynovo,https://tfny2023.mapyourshow.com/8_0/exhibitor/exhibitor-details.cfm?exhid=356403
Toys R Us,https://tfny2023.mapyourshow.com/8_0/exhibitor/exhibitor-details.cfm?exhid=196837
Toysmith,https://tfny2023.mapyourshow.com/8_0/exhibitor/exhibitor-details.cfm?exhid=39980
Toysters,https://tfny2023.mapyourshow.com/8_0/exhibitor/exhibitor-details.cfm?exhid=233542
ToyWood,https://tfny2023.mapyourshow.com/8_0/exhibitor/exhibitor-details.cfm?exhid=361438
Trefl USA LLC,https://tfny2023.mapyourshow.com/8_0/exhibitor/exhibitor-details.cfm?exhid=344172
Tri-Great International Ltd,https://tfny2023.mapyourshow.com/8_0/exhibitor/exhibitor-details.cfm?exhid=102395
TriAction Toys LLC,https://tfny2023.mapyourshow.com/8_0/exhibitor/exhibitor-details.cfm?exhid=299274
"Tribal Earth Sounds India Pvt., Ltd.",https://tfny2023.mapyourshow.com/8_0/exhibitor/exhibitor-details.cfm?exhid=232455
Trivia For Us,https://tfny2023.mapyourshow.com/8_0/exhibitor/exhibitor-details.cfm?exhid=362297
TUV Rheinland,https://tfny2023.mapyourshow.com/8_0/exhibitor/exhibitor-details.cfm?exhid=59330
TWEE made for little hands,https://tfny2023.mapyourshow.com/8_0/exhibitor/exhibitor-details.cfm?exhid=155194
Two Bros Bows,https://tfny2023.mapyourshow.com/8_0/exhibitor/exhibitor-details.cfm?exhid=126607
Tytan Toys,https://tfny2023.mapyourshow.com/8_0/exhibitor/exhibitor-details.cfm?exhid=359873
U.S. Toy,https://tfny2023.mapyourshow.com/8_0/exhibitor/exhibitor-details.cfm?exhid=26674
UCC Distributing Inc.,https://tfny2023.mapyourshow.com/8_0/exhibitor/exhibitor-details.cfm?exhid=28197
Ukidz LLC,https://tfny2023.mapyourshow.com/8_0/exhibitor/exhibitor-details.cfm?exhid=154360
Uncanny Brands,https://tfny2023.mapyourshow.com/8_0/exhibitor/exhibitor-details.cfm?exhid=78795
Underwraps Costumes Inc./ Real Planet Toys,https://tfny2023.mapyourshow.com/8_0/exhibitor/exhibitor-details.cfm?exhid=78981
Uniche Collective,https://tfny2023.mapyourshow.com/8_0/exhibitor/exhibitor-details.cfm?exhid=360239
Unitec Laboratory Services Ltd.,https://tfny2023.mapyourshow.com/8_0/exhibitor/exhibitor-details.cfm?exhid=125944
United Inventors Association,https://tfny2023.mapyourshow.com/8_0/exhibitor/exhibitor-details.cfm?exhid=361177
United States Postal Service,https://tfny2023.mapyourshow.com/8_0/exhibitor/exhibitor-details.cfm?exhid=34106
University Games Corp.,https://tfny2023.mapyourshow.com/8_0/exhibitor/exhibitor-details.cfm?exhid=26162
UpboundersÂ® by Little Likes Kids,https://tfny2023.mapyourshow.com/8_0/exhibitor/exhibitor-details.cfm?exhid=299498
UPD Inc. dba United Pacific Designs,https://tfny2023.mapyourshow.com/8_0/exhibitor/exhibitor-details.cfm?exhid=58936
USPTO,https://tfny2023.mapyourshow.com/8_0/exhibitor/exhibitor-details.cfm?exhid=378818
Vango,https://tfny2023.mapyourshow.com/8_0/exhibitor/exhibitor-details.cfm?exhid=232322
"Variety Distributors, Inc.",https://tfny2023.mapyourshow.com/8_0/exhibitor/exhibitor-details.cfm?exhid=44751
Verdes Toys Corp,https://tfny2023.mapyourshow.com/8_0/exhibitor/exhibitor-details.cfm?exhid=48768
Vermont Christmas Company,https://tfny2023.mapyourshow.com/8_0/exhibitor/exhibitor-details.cfm?exhid=90864
"Viharbour (Singapore) Enterprise Ptd., Ltd.",https://tfny2023.mapyourshow.com/8_0/exhibitor/exhibitor-details.cfm?exhid=128775
Viking Toys USA,https://tfny2023.mapyourshow.com/8_0/exhibitor/exhibitor-details.cfm?exhid=233504
"VTech Electronics North America, LLC",https://tfny2023.mapyourshow.com/8_0/exhibitor/exhibitor-details.cfm?exhid=10061
"Waboba, Inc.",https://tfny2023.mapyourshow.com/8_0/exhibitor/exhibitor-details.cfm?exhid=65356
Watchitude,https://tfny2023.mapyourshow.com/8_0/exhibitor/exhibitor-details.cfm?exhid=100062
Waypoint Geographic,https://tfny2023.mapyourshow.com/8_0/exhibitor/exhibitor-details.cfm?exhid=59572
We Play Change LLC.,https://tfny2023.mapyourshow.com/8_0/exhibitor/exhibitor-details.cfm?exhid=360230
Wealth Industrial (Int'l) Ltd,https://tfny2023.mapyourshow.com/8_0/exhibitor/exhibitor-details.cfm?exhid=359288
WeCool Toys,https://tfny2023.mapyourshow.com/8_0/exhibitor/exhibitor-details.cfm?exhid=129919
Welby Impex Pvt Ltd.,https://tfny2023.mapyourshow.com/8_0/exhibitor/exhibitor-details.cfm?exhid=63389
Well Played Toys,https://tfny2023.mapyourshow.com/8_0/exhibitor/exhibitor-details.cfm?exhid=129492
Wenno,https://tfny2023.mapyourshow.com/8_0/exhibitor/exhibitor-details.cfm?exhid=26657
Weplay / Kiddie's Paradise Inc.,https://tfny2023.mapyourshow.com/8_0/exhibitor/exhibitor-details.cfm?exhid=48117
WeVeel LLC,https://tfny2023.mapyourshow.com/8_0/exhibitor/exhibitor-details.cfm?exhid=63580
Wham-O,https://tfny2023.mapyourshow.com/8_0/exhibitor/exhibitor-details.cfm?exhid=29128
White Knight Toys,https://tfny2023.mapyourshow.com/8_0/exhibitor/exhibitor-details.cfm?exhid=360838
Wild Dough,https://tfny2023.mapyourshow.com/8_0/exhibitor/exhibitor-details.cfm?exhid=379235
Wild Life Outdoor Adventures,https://tfny2023.mapyourshow.com/8_0/exhibitor/exhibitor-details.cfm?exhid=361759
Wilder Toys Inc.,https://tfny2023.mapyourshow.com/8_0/exhibitor/exhibitor-details.cfm?exhid=358111
Wilton Bradley Ltd.,https://tfny2023.mapyourshow.com/8_0/exhibitor/exhibitor-details.cfm?exhid=299711
Windy City Novelties/Supreme Toy & Party,https://tfny2023.mapyourshow.com/8_0/exhibitor/exhibitor-details.cfm?exhid=51178
Winfat Industrial Co. Ltd.,https://tfny2023.mapyourshow.com/8_0/exhibitor/exhibitor-details.cfm?exhid=47145
Wireless Express,https://tfny2023.mapyourshow.com/8_0/exhibitor/exhibitor-details.cfm?exhid=197065
Wishbone Consumer Product Inc.,https://tfny2023.mapyourshow.com/8_0/exhibitor/exhibitor-details.cfm?exhid=300502
"Women In Toys, Licensing & Entertainment (WiT)",https://tfny2023.mapyourshow.com/8_0/exhibitor/exhibitor-details.cfm?exhid=37991
Wonder & Wise,https://tfny2023.mapyourshow.com/8_0/exhibitor/exhibitor-details.cfm?exhid=153356
Wood Trick,https://tfny2023.mapyourshow.com/8_0/exhibitor/exhibitor-details.cfm?exhid=196228
Wooden.City,https://tfny2023.mapyourshow.com/8_0/exhibitor/exhibitor-details.cfm?exhid=361602
WordTeasers,https://tfny2023.mapyourshow.com/8_0/exhibitor/exhibitor-details.cfm?exhid=65264
World of Toys by Spielwarenmesse eG,https://tfny2023.mapyourshow.com/8_0/exhibitor/exhibitor-details.cfm?exhid=62179
World Tech Toys,https://tfny2023.mapyourshow.com/8_0/exhibitor/exhibitor-details.cfm?exhid=61873
Worldwide Buddies,https://tfny2023.mapyourshow.com/8_0/exhibitor/exhibitor-details.cfm?exhid=209604
Worx Toys,https://tfny2023.mapyourshow.com/8_0/exhibitor/exhibitor-details.cfm?exhid=62931
WOW! Stuff,https://tfny2023.mapyourshow.com/8_0/exhibitor/exhibitor-details.cfm?exhid=78877
WowWee,https://tfny2023.mapyourshow.com/8_0/exhibitor/exhibitor-details.cfm?exhid=58787
"Wrebbit Puzzles, Inc.",https://tfny2023.mapyourshow.com/8_0/exhibitor/exhibitor-details.cfm?exhid=25232
WS Game Company,https://tfny2023.mapyourshow.com/8_0/exhibitor/exhibitor-details.cfm?exhid=40774
"WS Licensing, Inc DBA Anirollz, Coosy USA",https://tfny2023.mapyourshow.com/8_0/exhibitor/exhibitor-details.cfm?exhid=298258
Wyncor LLC/ZAG Play,https://tfny2023.mapyourshow.com/8_0/exhibitor/exhibitor-details.cfm?exhid=269340
Xcello Sports,https://tfny2023.mapyourshow.com/8_0/exhibitor/exhibitor-details.cfm?exhid=361478
Xingchang Trade (HK) Limited,https://tfny2023.mapyourshow.com/8_0/exhibitor/exhibitor-details.cfm?exhid=360196
Xplora,https://tfny2023.mapyourshow.com/8_0/exhibitor/exhibitor-details.cfm?exhid=359476
"Yancheng Vast Arts & Crafts Co., Ltd.",https://tfny2023.mapyourshow.com/8_0/exhibitor/exhibitor-details.cfm?exhid=360824
Yarto Europe Limited,https://tfny2023.mapyourshow.com/8_0/exhibitor/exhibitor-details.cfm?exhid=26920
"Yihyung Technology Co., Ltd.",https://tfny2023.mapyourshow.com/8_0/exhibitor/exhibitor-details.cfm?exhid=361372
Yomega Corp.,https://tfny2023.mapyourshow.com/8_0/exhibitor/exhibitor-details.cfm?exhid=25236
Yookidoo,https://tfny2023.mapyourshow.com/8_0/exhibitor/exhibitor-details.cfm?exhid=93616
"York-Jersey Underwriters, Inc.",https://tfny2023.mapyourshow.com/8_0/exhibitor/exhibitor-details.cfm?exhid=62889
"YOTTOY Productions, Inc.",https://tfny2023.mapyourshow.com/8_0/exhibitor/exhibitor-details.cfm?exhid=37524
You Tell Bunjee Books,https://tfny2023.mapyourshow.com/8_0/exhibitor/exhibitor-details.cfm?exhid=361628
YouTheFan,https://tfny2023.mapyourshow.com/8_0/exhibitor/exhibitor-details.cfm?exhid=100444
Zagbag Board LLC,https://tfny2023.mapyourshow.com/8_0/exhibitor/exhibitor-details.cfm?exhid=361590
ZAKCO,https://tfny2023.mapyourshow.com/8_0/exhibitor/exhibitor-details.cfm?exhid=299682
Zen Monkey Studios,https://tfny2023.mapyourshow.com/8_0/exhibitor/exhibitor-details.cfm?exhid=195910
"Zhangzhou Top Brite Industry Trade Co., Ltd.",https://tfny2023.mapyourshow.com/8_0/exhibitor/exhibitor-details.cfm?exhid=250986
"Zhejiang Mersco Industry & Trade Co., Ltd.",https://tfny2023.mapyourshow.com/8_0/exhibitor/exhibitor-details.cfm?exhid=360801
"Zhejiang Ruyi Industry Co., Ltd.",https://tfny2023.mapyourshow.com/8_0/exhibitor/exhibitor-details.cfm?exhid=30266
"Zhejiang Tianxin Sports Equipment Co., Ltd.",https://tfny2023.mapyourshow.com/8_0/exhibitor/exhibitor-details.cfm?exhid=63352
Zing,https://tfny2023.mapyourshow.com/8_0/exhibitor/exhibitor-details.cfm?exhid=45760
Zleeplay,https://tfny2023.mapyourshow.com/8_0/exhibitor/exhibitor-details.cfm?exhid=362533
Zoey Koko,https://tfny2023.mapyourshow.com/8_0/exhibitor/exhibitor-details.cfm?exhid=300750
Zombie Ghost Games,https://tfny2023.mapyourshow.com/8_0/exhibitor/exhibitor-details.cfm?exhid=361326
Zorbitz,https://tfny2023.mapyourshow.com/8_0/exhibitor/exhibitor-details.cfm?exhid=61422
